#RIC,Alias Underlying RIC,Domain,Date-Time,GMT Offset,Type,Open,High,Low,Last,Volume,No. Trades,Open Bid,High Bid,Low Bid,Close Bid,No. Bids,Open Ask,High Ask,Low Ask,Close Ask,No. Asks
1010.SE,,Market Price,2022-07-14T20:00:00.000000000Z,+3,Intraday 1Hour,,,,,,,0,33.7,0,33.7,0,33.65,33.75,0,33.75,0
1020.SE,,Market Price,2022-07-14T20:00:00.000000000Z,+3,Intraday 1Hour,,,,,,,22.42,22.42,0,22.4,0,22.44,22.44,0,22.44,0
1030.SE,,Market Price,2022-07-14T20:00:00.000000000Z,+3,Intraday 1Hour,,,,,,,0,18.92,0,18.92,0,18.94,19.2,0,19.2,0
1050.SE,,Market Price,2022-07-14T20:00:00.000000000Z,+3,Intraday 1Hour,,,,,,,0,49,0,48.2,0,48.2,49.55,0,49.55,0
1060.SE,,Market Price,2022-07-14T20:00:00.000000000Z,+3,Intraday 1Hour,,,,,,,0,41.75,0,41.75,0,41.5,41.8,0,41.8,0
1080.SE,,Market Price,2022-07-14T20:00:00.000000000Z,+3,Intraday 1Hour,,,,,,,29.15,29.25,0,29.25,0,29.25,29.65,0,29.65,0
1120.SE,,Market Price,2022-07-14T20:00:00.000000000Z,+3,Intraday 1Hour,,,,,,,79.9,80.2,0,80.2,0,80,80.3,0,80.3,0
1140.SE,,Market Price,2022-07-14T20:00:00.000000000Z,+3,Intraday 1Hour,,,,,,,41.25,41.3,0,41.3,0,41.3,42,0,42,0
1150.SE,,Market Price,2022-07-14T20:00:00.000000000Z,+3,Intraday 1Hour,,,,,,,32,32,0,32,0,32.05,32.05,0,32.05,0
1180.SE,,Market Price,2022-07-14T20:00:00.000000000Z,+3,Intraday 1Hour,,,,,,,65.4,65.7,0,65.7,0,65.6,65.8,0,65.8,0
1182.SE,,Market Price,2022-07-14T20:00:00.000000000Z,+3,Intraday 1Hour,,,,,,,17.34,18.2,0,17.4,0,17.36,17.42,0,17.42,0
1201.SE,,Market Price,2022-07-14T20:00:00.000000000Z,+3,Intraday 1Hour,,,,,,,11.06,11.22,0,11.04,0,11.1,11.1,0,11.1,0
1202.SE,,Market Price,2022-07-14T20:00:00.000000000Z,+3,Intraday 1Hour,,,,,,,56.2,58.5,0,56,0,56.2,56.2,0,56.1,0
1210.SE,,Market Price,2022-07-14T20:00:00.000000000Z,+3,Intraday 1Hour,,,,,,,32.8,35,0,32.85,0,0,33.15,0,33.1,0
1211.SE,,Market Price,2022-07-14T20:00:00.000000000Z,+3,Intraday 1Hour,,,,,,,45.15,45.55,0,45.55,0,45.35,45.6,0,45.6,0
1212.SE,,Market Price,2022-07-14T20:00:00.000000000Z,+3,Intraday 1Hour,,,,,,,45.9,45.9,0,44.6,0,45.9,46,0,45,0
1213.SE,,Market Price,2022-07-14T20:00:00.000000000Z,+3,Intraday 1Hour,,,,,,,16.36,16.36,0,16.28,0,0,16.44,0,16.3,0
1214.SE,,Market Price,2022-07-14T20:00:00.000000000Z,+3,Intraday 1Hour,,,,,,,16.22,16.3,0,16.22,0,16.24,16.24,0,16.24,0
1301.SE,,Market Price,2022-07-14T20:00:00.000000000Z,+3,Intraday 1Hour,,,,,,,27.35,29.1,27.35,27.35,0,27.2,27.45,0,27.45,0
1302.SE,,Market Price,2022-07-14T20:00:00.000000000Z,+3,Intraday 1Hour,,,,,,,32,32.9,0,31.95,0,32,32.15,0,32,0
1303.SE,,Market Price,2022-07-14T20:00:00.000000000Z,+3,Intraday 1Hour,,,,,,,21.7,21.7,21.68,21.7,0,21.7,21.88,0,21.88,0
1304.SE,,Market Price,2022-07-14T20:00:00.000000000Z,+3,Intraday 1Hour,,,,,,,0,30.25,0,30.15,0,30.25,30.3,30.25,30.3,0
1320.SE,,Market Price,2022-07-14T20:00:00.000000000Z,+3,Intraday 1Hour,,,,,,,19.1,19.1,19.02,19.02,0,19.18,19.2,0,19.18,0
1810.SE,,Market Price,2022-07-14T20:00:00.000000000Z,+3,Intraday 1Hour,,,,,,,15.04,15.06,0,15.06,0,15.06,15.1,0,15.1,0
1820.SE,,Market Price,2022-07-14T20:00:00.000000000Z,+3,Intraday 1Hour,,,,,,,10.16,10.66,10.16,10.18,0,10.18,10.26,0,10.26,0
1830.SE,,Market Price,2022-07-14T20:00:00.000000000Z,+3,Intraday 1Hour,,,,,,,88,88.8,0,88.8,0,88.4,89,0,89,0
1831.SE,,Market Price,2022-07-14T20:00:00.000000000Z,+3,Intraday 1Hour,,,,,,,0,57.6,0,57.6,0,57.6,57.8,0,57.8,0
1832.SE,,Market Price,2022-07-14T20:00:00.000000000Z,+3,Intraday 1Hour,,,,,,,38.25,38.3,0,38.3,0,38.45,38.9,0,38.5,0
2001.SE,,Market Price,2022-07-14T20:00:00.000000000Z,+3,Intraday 1Hour,,,,,,,30.1,31.55,0,30.1,0,30.15,30.15,0,30.15,0
2010.SE,,Market Price,2022-07-14T20:00:00.000000000Z,+3,Intraday 1Hour,,,,,,,0,94.6,0,94.6,0,94.3,94.7,0,94.7,0
2020.SE,,Market Price,2022-07-14T20:00:00.000000000Z,+3,Intraday 1Hour,,,,,,,125.4,125.4,0,125,0,125.6,125.6,0,125.6,0
2030.SE,,Market Price,2022-07-14T20:00:00.000000000Z,+3,Intraday 1Hour,,,,,,,85,85.1,0,85,0,85.3,85.3,0,85.3,0
2040.SE,,Market Price,2022-07-14T20:00:00.000000000Z,+3,Intraday 1Hour,,,,,,,36.7,36.7,0,34.9,0,35.1,35.1,0,35,0
2050.SE,,Market Price,2022-07-14T20:00:00.000000000Z,+3,Intraday 1Hour,,,,,,,0,32.35,0,32.35,0,32.3,32.5,0,32.5,0
2060.SE,,Market Price,2022-07-14T20:00:00.000000000Z,+3,Intraday 1Hour,,,,,,,0,14.32,0,14.3,0,14.36,14.36,0,14.32,0
2070.SE,,Market Price,2022-07-14T20:00:00.000000000Z,+3,Intraday 1Hour,,,,,,,25.75,26.95,0,25.75,0,0,26.05,0,26,0
2080.SE,,Market Price,2022-07-14T20:00:00.000000000Z,+3,Intraday 1Hour,,,,,,,39.95,39.95,0,39.8,0,39.95,39.95,0,39.9,0
2081.SE,,Market Price,2022-07-14T20:00:00.000000000Z,+3,Intraday 1Hour,,,,,,,111,111.2,111,111,0,111,111.6,0,111.6,0
2090.SE,,Market Price,2022-07-14T20:00:00.000000000Z,+3,Intraday 1Hour,,,,,,,25.3,25.55,0,25.55,0,25.4,25.6,0,25.6,0
2100.SE,,Market Price,2022-07-14T20:00:00.000000000Z,+3,Intraday 1Hour,,,,,,,31.25,31.3,0,31.25,0,0,31.3,0,31.3,0
2110.SE,,Market Price,2022-07-14T20:00:00.000000000Z,+3,Intraday 1Hour,,,,,,,,,,,,,,,,
2120.SE,,Market Price,2022-07-14T20:00:00.000000000Z,+3,Intraday 1Hour,,,,,,,0,32.1,0,32.05,0,32.15,32.15,0,32.1,0
2130.SE,,Market Price,2022-07-14T20:00:00.000000000Z,+3,Intraday 1Hour,,,,,,,13.3,14,13.2,13.2,0,13.34,13.36,0,13.34,0
2140.SE,,Market Price,2022-07-14T20:00:00.000000000Z,+3,Intraday 1Hour,,,,,,,15.72,16.6,15.7,15.7,0,15.74,15.76,14.5,15.72,0
2150.SE,,Market Price,2022-07-14T20:00:00.000000000Z,+3,Intraday 1Hour,,,,,,,29.25,29.45,29.2,29.25,0,29.25,29.3,0,29.3,0
2160.SE,,Market Price,2022-07-14T20:00:00.000000000Z,+3,Intraday 1Hour,,,,,,,32.15,33.3,32.1,32.1,0,32.15,32.25,0,32.25,0
2170.SE,,Market Price,2022-07-14T20:00:00.000000000Z,+3,Intraday 1Hour,,,,,,,49,51.3,0,49.1,0,49,49.2,0,49.2,0
2180.SE,,Market Price,2022-07-14T20:00:00.000000000Z,+3,Intraday 1Hour,,,,,,,38.1,38.1,38.05,38.05,0,38.2,38.2,38.1,38.1,0
2190.SE,,Market Price,2022-07-14T20:00:00.000000000Z,+3,Intraday 1Hour,,,,,,,19.54,19.6,0,19.54,0,19.58,19.58,0,19.58,0
2200.SE,,Market Price,2022-07-14T20:00:00.000000000Z,+3,Intraday 1Hour,,,,,,,33.5,33.55,33.5,33.5,0,33.7,33.7,33.55,33.7,0
2210.SE,,Market Price,2022-07-14T20:00:00.000000000Z,+3,Intraday 1Hour,,,,,,,38.05,39,38.05,38.1,0,38.1,39,37.9,39,0
2220.SE,,Market Price,2022-07-14T20:00:00.000000000Z,+3,Intraday 1Hour,,,,,,,18.7,18.88,18.7,18.78,0,18.88,18.88,0,18.82,0
2222.SE,,Market Price,2022-07-14T20:00:00.000000000Z,+3,Intraday 1Hour,,,,,,,36.15,36.25,0,36.25,0,36.2,36.3,0,36.3,0
2230.SE,,Market Price,2022-07-14T20:00:00.000000000Z,+3,Intraday 1Hour,,,,,,,28.65,28.7,0,28.7,0,28.75,28.75,28.75,28.75,0
2240.SE,,Market Price,2022-07-14T20:00:00.000000000Z,+3,Intraday 1Hour,,,,,,,17.14,17.6,17.14,17.24,0,0,17.46,0,17.46,0
2250.SE,,Market Price,2022-07-14T20:00:00.000000000Z,+3,Intraday 1Hour,,,,,,,0,24.36,0,24.3,0,24.28,24.38,0,24.36,0
2270.SE,,Market Price,2022-07-14T20:00:00.000000000Z,+3,Intraday 1Hour,,,,,,,157.4,165.4,0,158,0,157.8,159,0,159,0
2280.SE,,Market Price,2022-07-14T20:00:00.000000000Z,+3,Intraday 1Hour,,,,,,,51,51.4,0,51.4,0,51.3,51.9,0,51.9,0
2290.SE,,Market Price,2022-07-14T20:00:00.000000000Z,+3,Intraday 1Hour,,,,,,,0,45.4,0,45.4,0,45.35,45.45,0,45.45,0
2300.SE,,Market Price,2022-07-14T20:00:00.000000000Z,+3,Intraday 1Hour,,,,,,,44.6,44.6,44.1,44.1,0,45.05,45.05,0,44.5,0
2310.SE,,Market Price,2022-07-14T20:00:00.000000000Z,+3,Intraday 1Hour,,,,,,,39.2,39.3,0,39.3,0,39.25,39.35,0,39.35,0
2320.SE,,Market Price,2022-07-14T20:00:00.000000000Z,+3,Intraday 1Hour,,,,,,,21.5,21.52,21.48,21.48,0,21.5,21.5,21.44,21.5,0
2330.SE,,Market Price,2022-07-14T20:00:00.000000000Z,+3,Intraday 1Hour,,,,,,,0,42.85,0,42.85,0,43.2,43.25,0,43.05,0
2340.SE,,Market Price,2022-07-14T20:00:00.000000000Z,+3,Intraday 1Hour,,,,,,,16.6,16.6,0,16.08,0,16.08,16.1,0,16.1,0
2350.SE,,Market Price,2022-07-14T20:00:00.000000000Z,+3,Intraday 1Hour,,,,,,,0,14.14,0,14.12,0,14.04,14.16,0,14.14,0
2360.SE,,Market Price,2022-07-14T20:00:00.000000000Z,+3,Intraday 1Hour,,,,,,,46.25,46.25,0,46.2,0,46.5,46.5,46.5,46.5,0
2370.SE,,Market Price,2022-07-14T20:00:00.000000000Z,+3,Intraday 1Hour,,,,,,,13,13,12.1,12.12,0,12.46,12.46,0,12.24,0
2380.SE,,Market Price,2022-07-14T20:00:00.000000000Z,+3,Intraday 1Hour,,,,,,,17.46,17.46,0,17.44,0,17.46,17.46,0,17.46,0
3001.SE,,Market Price,2022-07-14T20:00:00.000000000Z,+3,Intraday 1Hour,,,,,,,13.08,13.08,0,13.04,0,13.08,13.08,0,13.06,0
3003.SE,,Market Price,2022-07-14T20:00:00.000000000Z,+3,Intraday 1Hour,,,,,,,21.5,21.5,0,21.4,0,0,21.62,0,21.62,0
3004.SE,,Market Price,2022-07-14T20:00:00.000000000Z,+3,Intraday 1Hour,,,,,,,11.7,11.7,11.18,11.2,0,11.22,11.22,11.16,11.22,0
3005.SE,,Market Price,2022-07-14T20:00:00.000000000Z,+3,Intraday 1Hour,,,,,,,20.76,20.9,20.7,20.9,0,20.8,21,0,21,0
3007.SE,,Market Price,2022-07-14T20:00:00.000000000Z,+3,Intraday 1Hour,,,,,,,34.1,34.5,0,34,0,34.25,34.25,0,34.25,0
3008.SE,,Market Price,2022-07-14T20:00:00.000000000Z,+3,Intraday 1Hour,,,,,,,41.45,41.45,41.45,41.45,0,41.55,41.7,41.55,41.7,0
3010.SE,,Market Price,2022-07-14T20:00:00.000000000Z,+3,Intraday 1Hour,,,,,,,34.25,34.3,0,34.3,0,34.3,34.4,0,34.4,0
3020.SE,,Market Price,2022-07-14T20:00:00.000000000Z,+3,Intraday 1Hour,,,,,,,24.5,25.65,0,24.5,0,24.6,24.6,0,24.6,0
3030.SE,,Market Price,2022-07-14T20:00:00.000000000Z,+3,Intraday 1Hour,,,,,,,49.95,52.5,0,49.7,0,50.3,50.3,0,50.3,0
3040.SE,,Market Price,2022-07-14T20:00:00.000000000Z,+3,Intraday 1Hour,,,,,,,79,79.1,0,78.8,0,79.1,79.1,0,79,0
3050.SE,,Market Price,2022-07-14T20:00:00.000000000Z,+3,Intraday 1Hour,,,,,,,55.1,55.3,0,55.1,0,55.2,55.9,0,55.9,0
3060.SE,,Market Price,2022-07-14T20:00:00.000000000Z,+3,Intraday 1Hour,,,,,,,34,34.1,0,34.1,0,34.1,34.45,0,34.4,0
3080.SE,,Market Price,2022-07-14T20:00:00.000000000Z,+3,Intraday 1Hour,,,,,,,43.05,43.05,0,43.05,0,42.45,43.55,0,43.55,0
3090.SE,,Market Price,2022-07-14T20:00:00.000000000Z,+3,Intraday 1Hour,,,,,,,14,14.14,14,14.02,0,13.4,14.08,13.08,14.08,0
3091.SE,,Market Price,2022-07-14T20:00:00.000000000Z,+3,Intraday 1Hour,,,,,,,9.84,9.85,9.84,9.84,0,9.85,9.85,9.85,9.85,0
4001.SE,,Market Price,2022-07-14T20:00:00.000000000Z,+3,Intraday 1Hour,,,,,,,109,109,0,109,0,109.2,109.2,0,109.2,0
4002.SE,,Market Price,2022-07-14T20:00:00.000000000Z,+3,Intraday 1Hour,,,,,,,0,225.8,0,225.4,0,227,227,0,227,0
4003.SE,,Market Price,2022-07-14T20:00:00.000000000Z,+3,Intraday 1Hour,,,,,,,106.8,106.8,0,106.4,0,107,107,0,106.8,0
4004.SE,,Market Price,2022-07-14T20:00:00.000000000Z,+3,Intraday 1Hour,,,,,,,112.8,112.8,0,112.6,0,113.2,113.2,0,113.2,0
4005.SE,,Market Price,2022-07-14T20:00:00.000000000Z,+3,Intraday 1Hour,,,,,,,0,51.3,0,51.2,0,51.3,51.4,0,51.3,0
4006.SE,,Market Price,2022-07-14T20:00:00.000000000Z,+3,Intraday 1Hour,,,,,,,19.8,20.12,19.8,19.8,0,19.74,20.04,0,20.04,0
4007.SE,,Market Price,2022-07-14T20:00:00.000000000Z,+3,Intraday 1Hour,,,,,,,42,42.05,0,41.75,0,42.05,42.05,0,42,0
4008.SE,,Market Price,2022-07-14T20:00:00.000000000Z,+3,Intraday 1Hour,,,,,,,35.1,35.1,0,33.6,0,33.85,33.85,0,33.85,0
4009.SE,,Market Price,2022-07-14T20:00:00.000000000Z,+3,Intraday 1Hour,,,,,,,31.5,31.65,0,31.45,0,0,31.65,0,31.6,0
4010.SE,,Market Price,2022-07-14T20:00:00.000000000Z,+3,Intraday 1Hour,,,,,,,21,22,0,21,0,21,21.06,21,21.06,0
4011.SE,,Market Price,2022-07-14T20:00:00.000000000Z,+3,Intraday 1Hour,,,,,,,14.02,14.02,14,14.02,0,14.02,14.08,0,14.08,0
4012.SE,,Market Price,2022-07-14T20:00:00.000000000Z,+3,Intraday 1Hour,,,,,,,31.4,31.5,0,31.35,0,31.45,31.5,29.15,31.4,0
4013.SE,,Market Price,2022-07-14T20:00:00.000000000Z,+3,Intraday 1Hour,,,,,,,0,195,0,195,0,196,196.2,0,196.2,0
4020.SE,,Market Price,2022-07-14T20:00:00.000000000Z,+3,Intraday 1Hour,,,,,,,11.82,12,0,11.82,0,11.84,11.86,0,11.86,0
4030.SE,,Market Price,2022-07-14T20:00:00.000000000Z,+3,Intraday 1Hour,,,,,,,0,19.98,0,19.98,0,19.96,20,0,20,0
4031.SE,,Market Price,2022-07-14T20:00:00.000000000Z,+3,Intraday 1Hour,,,,,,,26.25,27.6,0,26.2,0,26.25,26.45,0,26.45,0
4040.SE,,Market Price,2022-07-14T20:00:00.000000000Z,+3,Intraday 1Hour,,,,,,,15.02,16.68,15.02,15.04,0,15.04,15.06,14.98,15.06,0
4050.SE,,Market Price,2022-07-14T20:00:00.000000000Z,+3,Intraday 1Hour,,,,,,,32.85,32.95,0,32.9,0,32.85,33,0,33,0
4051.SE,,Market Price,2022-07-14T20:00:00.000000000Z,+3,Intraday 1Hour,,,,,,,0,59.3,0,59,0,59.4,59.4,0,59.3,0
4061.SE,,Market Price,2022-07-14T20:00:00.000000000Z,+3,Intraday 1Hour,,,,,,,21.4,22.1,0,21.3,0,21.42,21.42,0,21.38,0
4070.SE,,Market Price,2022-07-14T20:00:00.000000000Z,+3,Intraday 1Hour,,,,,,,90,102.4,0,90,0,90.6,90.6,90.5,90.6,0
4080.SE,,Market Price,2022-07-14T20:00:00.000000000Z,+3,Intraday 1Hour,,,,,,,14.1,15,14.08,14.08,0,14.12,14.16,13.1,14.16,0
4090.SE,,Market Price,2022-07-14T20:00:00.000000000Z,+3,Intraday 1Hour,,,,,,,28.15,28.35,0,28.15,0,28.1,28.2,0,28.2,0
4100.SE,,Market Price,2022-07-14T20:00:00.000000000Z,+3,Intraday 1Hour,,,,,,,67.7,67.8,67.6,67.6,0,68,68,0,67.7,0
4110.SE,,Market Price,2022-07-14T20:00:00.000000000Z,+3,Intraday 1Hour,,,,,,,25.85,25.85,0,25.85,0,25.85,25.9,0,25.9,0
4130.SE,,Market Price,2022-07-14T20:00:00.000000000Z,+3,Intraday 1Hour,,,,,,,14.9,15.04,14.88,14.88,0,14.92,15,0,14.9,0
4140.SE,,Market Price,2022-07-14T20:00:00.000000000Z,+3,Intraday 1Hour,,,,,,,33,36,0,33.1,0,33,33.15,0,33.15,0
4141.SE,,Market Price,2022-07-14T20:00:00.000000000Z,+3,Intraday 1Hour,,,,,,,77,77.2,76.6,76.6,0,0,76.7,0,76.7,0
4150.SE,,Market Price,2022-07-14T20:00:00.000000000Z,+3,Intraday 1Hour,,,,,,,0,21.32,0,21.32,0,21.4,21.4,0,21.38,0
4161.SE,,Market Price,2022-07-14T20:00:00.000000000Z,+3,Intraday 1Hour,,,,,,,82.2,82.3,0,81.9,0,0,83.4,0,83.4,0
4170.SE,,Market Price,2022-07-14T20:00:00.000000000Z,+3,Intraday 1Hour,,,,,,,171,171,170.8,170.8,0,171,171.4,0,171.4,0
4180.SE,,Market Price,2022-07-14T20:00:00.000000000Z,+3,Intraday 1Hour,,,,,,,0,33,0,32.1,0,32.1,34.7,0,34.7,0
4190.SE,,Market Price,2022-07-14T20:00:00.000000000Z,+3,Intraday 1Hour,,,,,,,0,151.2,0,151,0,151.6,151.8,0,151.2,0
4191.SE,,Market Price,2022-07-14T20:00:00.000000000Z,+3,Intraday 1Hour,,,,,,,26.5,26.65,0,26.6,0,0,26.7,0,26.7,0
4200.SE,,Market Price,2022-07-14T20:00:00.000000000Z,+3,Intraday 1Hour,,,,,,,67,70.2,0,67,0,67.1,67.2,0,67.2,0
4210.SE,,Market Price,2022-07-14T20:00:00.000000000Z,+3,Intraday 1Hour,,,,,,,0,164.8,0,164,0,163.8,165,0,164.8,0
4220.SE,,Market Price,2022-07-14T20:00:00.000000000Z,+3,Intraday 1Hour,,,,,,,9.42,9.48,0,9.48,0,9.45,9.49,0,9.49,0
4230.SE,,Market Price,2022-07-14T20:00:00.000000000Z,+3,Intraday 1Hour,,,,,,,13.04,13.1,13.02,13.02,0,13.02,13.12,0,13.1,0
4240.SE,,Market Price,2022-07-14T20:00:00.000000000Z,+3,Intraday 1Hour,,,,,,,16.88,17.82,0,16.8,0,17,17,0,16.9,0
4250.SE,,Market Price,2022-07-14T20:00:00.000000000Z,+3,Intraday 1Hour,,,,,,,23.02,23.1,23.02,23.04,0,23.04,23.08,0,23.08,0
4260.SE,,Market Price,2022-07-14T20:00:00.000000000Z,+3,Intraday 1Hour,,,,,,,45.8,45.8,44.05,44.2,0,44.25,44.3,0,44.25,0
4261.SE,,Market Price,2022-07-14T20:00:00.000000000Z,+3,Intraday 1Hour,,,,,,,59.7,62.7,0,59.7,0,60,60,0,60,0
4270.SE,,Market Price,2022-07-14T20:00:00.000000000Z,+3,Intraday 1Hour,,,,,,,14.76,14.84,14.62,14.62,0,14.84,14.84,0,14.7,0
4280.SE,,Market Price,2022-07-14T20:00:00.000000000Z,+3,Intraday 1Hour,,,,,,,8.86,8.86,0,8.86,0,0,8.91,0,8.91,0
4290.SE,,Market Price,2022-07-14T20:00:00.000000000Z,+3,Intraday 1Hour,,,,,,,14.18,14.32,0,14.2,0,14.2,14.3,0,14.3,0
4291.SE,,Market Price,2022-07-14T20:00:00.000000000Z,+3,Intraday 1Hour,,,,,,,61.5,64.7,61.5,61.5,0,62,62,0,61.9,0
4292.SE,,Market Price,2022-07-14T20:00:00.000000000Z,+3,Intraday 1Hour,,,,,,,57.7,58,57.7,57.7,0,57.9,58.1,57.9,58,0
4300.SE,,Market Price,2022-07-14T20:00:00.000000000Z,+3,Intraday 1Hour,,,,,,,11.06,11.06,0,11.04,0,11.08,11.08,0,11.06,0
4310.SE,,Market Price,2022-07-14T20:00:00.000000000Z,+3,Intraday 1Hour,,,,,,,11.5,11.5,0,11.48,0,11.48,11.5,11.46,11.5,0
4320.SE,,Market Price,2022-07-14T20:00:00.000000000Z,+3,Intraday 1Hour,,,,,,,15.7,15.86,15.46,15.46,0,15.72,15.84,15.72,15.8,0
4321.SE,,Market Price,2022-07-14T20:00:00.000000000Z,+3,Intraday 1Hour,,,,,,,19.22,19.26,0,19.26,0,19.22,19.28,0,19.28,0
4330.SE,,Market Price,2022-07-14T20:00:00.000000000Z,+3,Intraday 1Hour,,,,,,,10.16,10.18,10.16,10.16,0,10.18,10.18,10.18,10.18,0
4331.SE,,Market Price,2022-07-14T20:00:00.000000000Z,+3,Intraday 1Hour,,,,,,,17.14,17.18,16.96,16.96,0,17,17,0,17,0
4332.SE,,Market Price,2022-07-14T20:00:00.000000000Z,+3,Intraday 1Hour,,,,,,,7.51,7.51,0,7.51,0,7.51,7.52,0,7.52,0
4333.SE,,Market Price,2022-07-14T20:00:00.000000000Z,+3,Intraday 1Hour,,,,,,,11.9,11.9,11.88,11.88,0,11.9,11.98,11.9,11.98,0
4334.SE,,Market Price,2022-07-14T20:00:00.000000000Z,+3,Intraday 1Hour,,,,,,,8.74,8.74,8.74,8.74,0,8.75,8.75,8.75,8.75,0
4335.SE,,Market Price,2022-07-14T20:00:00.000000000Z,+3,Intraday 1Hour,,,,,,,9.72,9.72,9.71,9.71,0,9.73,9.73,9.73,9.73,0
4336.SE,,Market Price,2022-07-14T20:00:00.000000000Z,+3,Intraday 1Hour,,,,,,,9.1,9.18,0,9.11,0,9.18,9.19,0,9.18,0
4337.SE,,Market Price,2022-07-14T20:00:00.000000000Z,+3,Intraday 1Hour,,,,,,,6.87,6.94,6.87,6.88,0,6.9,6.9,0,6.9,0
4338.SE,,Market Price,2022-07-14T20:00:00.000000000Z,+3,Intraday 1Hour,,,,,,,10.12,10.12,10.1,10.1,0,10.14,10.14,0,10.14,0
4339.SE,,Market Price,2022-07-14T20:00:00.000000000Z,+3,Intraday 1Hour,,,,,,,11.06,11.08,11.06,11.06,0,11.08,11.08,11.08,11.08,0
4340.SE,,Market Price,2022-07-14T20:00:00.000000000Z,+3,Intraday 1Hour,,,,,,,9.2,9.22,9.2,9.2,0,9.21,9.21,0,9.21,0
4342.SE,,Market Price,2022-07-14T20:00:00.000000000Z,+3,Intraday 1Hour,,,,,,,11.78,11.8,0,11.8,0,11.8,12,0,12,0
4344.SE,,Market Price,2022-07-14T20:00:00.000000000Z,+3,Intraday 1Hour,,,,,,,9.95,9.95,0,9.95,0,9.47,9.96,9.47,9.96,0
4345.SE,,Market Price,2022-07-14T20:00:00.000000000Z,+3,Intraday 1Hour,,,,,,,5.71,6,5.71,5.71,0,5.75,5.75,0,5.75,0
4346.SE,,Market Price,2022-07-14T20:00:00.000000000Z,+3,Intraday 1Hour,,,,,,,6.01,6.01,0,5.99,0,6,6.02,0,6.02,0
4347.SE,,Market Price,2022-07-14T20:00:00.000000000Z,+3,Intraday 1Hour,,,,,,,9.36,9.79,0,9.36,0,9.38,9.38,9.38,9.38,0
4348.SE,,Market Price,2022-07-14T20:00:00.000000000Z,+3,Intraday 1Hour,,,,,,,8.1,8.11,0,8.1,0,8.1,8.11,8.1,8.11,0
4700.SE,,Market Price,2022-07-14T20:00:00.000000000Z,+3,Intraday 1Hour,,,,,,,7.05,7.06,7.05,7.05,0,7.06,7.06,0,7.06,0
5110.SE,,Market Price,2022-07-14T20:00:00.000000000Z,+3,Intraday 1Hour,,,,,,,23.22,23.34,0,23.34,0,23.32,23.42,0,23.42,0
6001.SE,,Market Price,2022-07-14T20:00:00.000000000Z,+3,Intraday 1Hour,,,,,,,64.3,64.3,64.1,64.1,0,64.4,64.4,64.4,64.4,0
6002.SE,,Market Price,2022-07-14T20:00:00.000000000Z,+3,Intraday 1Hour,,,,,,,40.1,40.15,0,40.05,0,38.5,40.1,0,40.1,0
6004.SE,,Market Price,2022-07-14T20:00:00.000000000Z,+3,Intraday 1Hour,,,,,,,69.9,73.2,0,70,0,70,70.1,0,70.1,0
6010.SE,,Market Price,2022-07-14T20:00:00.000000000Z,+3,Intraday 1Hour,,,,,,,29.45,33.45,0,29.55,0,29.6,29.9,0,29.9,0
6012.SE,,Market Price,2022-07-14T20:00:00.000000000Z,+3,Intraday 1Hour,,,,,,,11.98,12,0,11.94,0,12,12,0,12,0
6020.SE,,Market Price,2022-07-14T20:00:00.000000000Z,+3,Intraday 1Hour,,,,,,,19.2,19.2,0,18.64,0,19.24,19.24,0,19.2,0
6040.SE,,Market Price,2022-07-14T20:00:00.000000000Z,+3,Intraday 1Hour,,,,,,,17.9,17.92,0,17.82,0,17.88,17.9,0,17.9,0
6050.SE,,Market Price,2022-07-14T20:00:00.000000000Z,+3,Intraday 1Hour,,,,,,,32.2,32.2,0,32.1,0,32.3,32.3,0,32.3,0
6060.SE,,Market Price,2022-07-14T20:00:00.000000000Z,+3,Intraday 1Hour,,,,,,,63.5,64.4,63.5,63.5,0,63.5,63.9,0,63.9,0
6070.SE,,Market Price,2022-07-14T20:00:00.000000000Z,+3,Intraday 1Hour,,,,,,,42.85,43.5,0,42.85,0,43,43,42.85,43,0
6090.SE,,Market Price,2022-07-14T20:00:00.000000000Z,+3,Intraday 1Hour,,,,,,,15,15.3,15,15,0,15.08,15.12,0,15.12,0
7010.SE,,Market Price,2022-07-14T20:00:00.000000000Z,+3,Intraday 1Hour,,,,,,,100.2,100.6,0,100.6,0,100.4,100.8,0,100.8,0
7020.SE,,Market Price,2022-07-14T20:00:00.000000000Z,+3,Intraday 1Hour,,,,,,,35.4,35.5,0,35.5,0,35.45,35.55,0,35.55,0
7030.SE,,Market Price,2022-07-14T20:00:00.000000000Z,+3,Intraday 1Hour,,,,,,,11.14,11.16,0,11.14,0,11.16,11.18,0,11.16,0
7040.SE,,Market Price,2022-07-14T20:00:00.000000000Z,+3,Intraday 1Hour,,,,,,,39.65,45,39.65,39.65,0,39.65,39.7,39.65,39.7,0
7200.SE,,Market Price,2022-07-14T20:00:00.000000000Z,+3,Intraday 1Hour,,,,,,,83.6,83.7,0,83.7,0,83.7,84.1,82.8,84.1,0
7201.SE,,Market Price,2022-07-14T20:00:00.000000000Z,+3,Intraday 1Hour,,,,,,,62.2,67,0,62,0,62.2,62.2,0,62.2,0
8010.SE,,Market Price,2022-07-14T20:00:00.000000000Z,+3,Intraday 1Hour,,,,,,,56.5,59.2,0,56.5,0,53.8,57.3,0,57.3,0
8012.SE,,Market Price,2022-07-14T20:00:00.000000000Z,+3,Intraday 1Hour,,,,,,,15.1,17,0,15.06,0,15.18,15.18,15,15.1,0
8020.SE,,Market Price,2022-07-14T20:00:00.000000000Z,+3,Intraday 1Hour,,,,,,,13.7,16.02,13.64,13.66,0,13.7,13.7,0,13.68,0
8030.SE,,Market Price,2022-07-14T20:00:00.000000000Z,+3,Intraday 1Hour,,,,,,,10.5,10.5,10.48,10.5,0,10.48,10.52,0,10.52,0
8040.SE,,Market Price,2022-07-14T20:00:00.000000000Z,+3,Intraday 1Hour,,,,,,,15.16,15.18,15.16,15.16,0,15.16,15.3,15.16,15.3,0
8050.SE,,Market Price,2022-07-14T20:00:00.000000000Z,+3,Intraday 1Hour,,,,,,,11.42,11.62,11.42,11.6,0,11.58,11.62,11.54,11.62,0
8060.SE,,Market Price,2022-07-14T20:00:00.000000000Z,+3,Intraday 1Hour,,,,,,,12.4,12.4,12.34,12.34,0,12.4,12.4,0,12.4,0
8070.SE,,Market Price,2022-07-14T20:00:00.000000000Z,+3,Intraday 1Hour,,,,,,,16.34,16.44,16.34,16.44,0,16.4,16.46,0,16.46,0
8080.SE,,Market Price,2022-07-14T20:00:00.000000000Z,+3,Intraday 1Hour,,,,,,,15.7,16,15.7,15.7,0,15.7,15.8,15.6,15.8,0
8100.SE,,Market Price,2022-07-14T20:00:00.000000000Z,+3,Intraday 1Hour,,,,,,,20,20,0,19.96,0,0,20.1,0,20,0
8120.SE,,Market Price,2022-07-14T20:00:00.000000000Z,+3,Intraday 1Hour,,,,,,,9.88,9.88,8.84,8.84,0,8.85,8.89,8.85,8.89,0
8150.SE,,Market Price,2022-07-14T20:00:00.000000000Z,+3,Intraday 1Hour,,,,,,,13.8,13.86,13.8,13.8,0,13.86,14,0,14,0
8160.SE,,Market Price,2022-07-14T20:00:00.000000000Z,+3,Intraday 1Hour,,,,,,,19.36,20,19.34,19.34,0,0,19.46,0,19.36,0
8170.SE,,Market Price,2022-07-14T20:00:00.000000000Z,+3,Intraday 1Hour,,,,,,,14.26,14.26,14.26,14.26,0,14.3,14.3,14.3,14.3,0
8180.SE,,Market Price,2022-07-14T20:00:00.000000000Z,+3,Intraday 1Hour,,,,,,,9,9,9,9,0,9.98,9.98,9.98,9.98,0
8190.SE,,Market Price,2022-07-14T20:00:00.000000000Z,+3,Intraday 1Hour,,,,,,,26.8,26.8,26.25,26.25,0,27,27,0,27,0
8200.SE,,Market Price,2022-07-14T20:00:00.000000000Z,+3,Intraday 1Hour,,,,,,,15.2,15.2,15.2,15.2,0,15.3,15.3,15.3,15.3,0
8210.SE,,Market Price,2022-07-14T20:00:00.000000000Z,+3,Intraday 1Hour,,,,,,,0,158.2,0,158.2,0,160,161,0,161,0
8230.SE,,Market Price,2022-07-14T20:00:00.000000000Z,+3,Intraday 1Hour,,,,,,,69,69.5,69,69.1,0,0,69.5,0,69.2,0
8240.SE,,Market Price,2022-07-14T20:00:00.000000000Z,+3,Intraday 1Hour,,,,,,,22.5,23,21.28,21.28,0,21.46,21.46,21.46,21.46,0
8250.SE,,Market Price,2022-07-14T20:00:00.000000000Z,+3,Intraday 1Hour,,,,,,,22.8,24.48,22.7,22.78,0,22,22.92,0,22.92,0
8260.SE,,Market Price,2022-07-14T20:00:00.000000000Z,+3,Intraday 1Hour,,,,,,,8.47,9.61,8.47,8.47,0,8.48,8.48,7.87,8.48,0
8270.SE,,Market Price,2022-07-14T20:00:00.000000000Z,+3,Intraday 1Hour,,,,,,,19,19,18.96,18.96,0,19,19,18.98,19,0
8280.SE,,Market Price,2022-07-14T20:00:00.000000000Z,+3,Intraday 1Hour,,,,,,,18.04,18.96,18.02,18.3,0,18.2,18.48,0,18.48,0
8300.SE,,Market Price,2022-07-14T20:00:00.000000000Z,+3,Intraday 1Hour,,,,,,,14.84,14.98,14.84,14.86,0,14.84,14.92,14.84,14.92,0
8310.SE,,Market Price,2022-07-14T20:00:00.000000000Z,+3,Intraday 1Hour,,,,,,,11.4,12.32,11.38,11.38,0,0,11.4,0,11.4,0
8311.SE,,Market Price,2022-07-14T20:00:00.000000000Z,+3,Intraday 1Hour,,,,,,,17.92,18.5,0,17.66,0,17.92,17.92,0,17.88,0
8312.SE,,Market Price,2022-07-14T20:00:00.000000000Z,+3,Intraday 1Hour,,,,,,,20.78,21.6,20.22,20.22,0,20.78,20.98,0,20.98,0
9400.SE,,Market Price,2022-07-14T20:00:00.000000000Z,+3,Intraday 1Hour,,,,,,,47.5,47.65,47.45,47.45,0,47.7,47.85,47.65,47.8,0
9401.SE,,Market Price,2022-07-14T20:00:00.000000000Z,+3,Intraday 1Hour,,,,,,,37,37,36.85,36.85,0,37.35,37.35,37,37,0
9402.SE,,Market Price,2022-07-14T20:00:00.000000000Z,+3,Intraday 1Hour,,,,,,,45.2,45.2,44.95,44.95,0,45.3,45.3,45.2,45.2,0
9403.SE,,Market Price,2022-07-14T20:00:00.000000000Z,+3,Intraday 1Hour,,,,,,,8.84,8.84,8.82,8.82,0,8.86,8.86,8.83,8.84,0
9404.SE,,Market Price,2022-07-14T20:00:00.000000000Z,+3,Intraday 1Hour,,,,,,,99,99,99,99,0,99.1,99.1,99.1,99.1,0
9405.SE,,Market Price,2022-07-14T20:00:00.000000000Z,+3,Intraday 1Hour,,,,,,,9.66,9.69,9.62,9.67,0,9.7,9.7,9.64,9.68,0
9510.SE,,Market Price,2022-07-14T20:00:00.000000000Z,+3,Intraday 1Hour,,,,,,,261,261,232,232,0,293,293,257,257,0
9511.SE,,Market Price,2022-07-14T20:00:00.000000000Z,+3,Intraday 1Hour,,,,,,,53.2,53.2,53.2,53.2,0,53.8,53.8,53.8,53.8,0
9512.SE,,Market Price,2022-07-14T20:00:00.000000000Z,+3,Intraday 1Hour,,,,,,,32,32,31.75,31.75,0,32,32,32,32,0
9513.SE,,Market Price,2022-07-14T20:00:00.000000000Z,+3,Intraday 1Hour,,,,,,,0,51.4,0,51.4,0,51.5,51.5,51.5,51.5,0
9514.SE,,Market Price,2022-07-14T20:00:00.000000000Z,+3,Intraday 1Hour,,,,,,,84.1,84.1,84.1,84.1,0,87,87,86,86,0
9515.SE,,Market Price,2022-07-14T20:00:00.000000000Z,+3,Intraday 1Hour,,,,,,,172.2,172.2,172,172,0,172.2,174.8,172.2,174.8,0
9516.SE,,Market Price,2022-07-14T20:00:00.000000000Z,+3,Intraday 1Hour,,,,,,,63.2,63.2,62.6,62.6,0,63.2,63.2,63.1,63.2,0
9517.SE,,Market Price,2022-07-14T20:00:00.000000000Z,+3,Intraday 1Hour,,,,,,,72,72,72,72,0,74.5,74.5,74.5,74.5,0
9518.SE,,Market Price,2022-07-14T20:00:00.000000000Z,+3,Intraday 1Hour,,,,,,,49,49,48.9,48.9,0,49,50,49,49,0
9519.SE,,Market Price,2022-07-14T20:00:00.000000000Z,+3,Intraday 1Hour,,,,,,,51.5,51.5,51.5,51.5,0,52.8,52.8,52.8,52.8,0
9520.SE,,Market Price,2022-07-14T20:00:00.000000000Z,+3,Intraday 1Hour,,,,,,,114.8,114.8,113.6,113.6,0,112,114.8,112,114.8,0
AABQ.QA,,Market Price,2022-07-14T20:00:00.000000000Z,+3,Intraday 1Hour,,,,,,,3.97,3.97,3.97,3.97,0,4.15,4.15,4.15,4.15,0
AACT.OM,,Market Price,2022-07-14T20:00:00.000000000Z,+4,Intraday 1Hour,,,,,,,0.42,0.42,0.42,0.42,0,0.44,0.44,0.44,0.44,0
AAIC.OM,,Market Price,2022-07-14T20:00:00.000000000Z,+4,Intraday 1Hour,,,,,,,0.072,0.072,0.072,0.072,0,0.075,0.075,0.075,0.075,0
AAN.DU,,Market Price,2022-07-14T20:00:00.000000000Z,+4,Intraday 1Hour,,,,,,,,,,,,,,,,
AAN.KW,,Market Price,2022-07-14T20:00:00.000000000Z,+3,Intraday 1Hour,,,,,,,,,,,,,,,,
AAYA.KW,,Market Price,2022-07-14T20:00:00.000000000Z,+3,Intraday 1Hour,,,,,,,130,130,130,130,0,137,137,137,137,0
ABAR.KW,,Market Price,2022-07-14T20:00:00.000000000Z,+3,Intraday 1Hour,,,,,,,122,122,122,122,0,132,132,132,132,0
ABCB.BH,,Market Price,2022-07-14T20:00:00.000000000Z,+3,Intraday 1Hour,,,,,,,,,,,,0.295,0.295,0.295,0.295,0
ABHS.OM,,Market Price,2022-07-14T20:00:00.000000000Z,+4,Intraday 1Hour,,,,,,,,,,,,,,,,
ABKK.KW,,Market Price,2022-07-14T20:00:00.000000000Z,+3,Intraday 1Hour,,,,,,,315,315,315,315,0,321,321,321,321,0
ABMI.OM,,Market Price,2022-07-14T20:00:00.000000000Z,+4,Intraday 1Hour,,,,,,,,,,,,,,,,
ABNIC.AD,,Market Price,2022-07-14T20:00:00.000000000Z,+4,Intraday 1Hour,,,,,,,2.3,2.3,2.3,2.3,0,,,,,
ABOB.OM,,Market Price,2022-07-14T20:00:00.000000000Z,+4,Intraday 1Hour,,,,,,,0.121,0.121,0.121,0.121,0,0.13,0.13,0.13,0.13,0
ACIC.KW,,Market Price,2022-07-14T20:00:00.000000000Z,+3,Intraday 1Hour,,,,,,,118,118,118,118,0,122,122,122,122,0
ADAVIATION.AD,,Market Price,2022-07-14T20:00:00.000000000Z,+4,Intraday 1Hour,,,,,,,4.73,4.73,4.73,4.73,0,4.75,4.75,4.75,4.75,0
ADCB.AD,,Market Price,2022-07-14T20:00:00.000000000Z,+4,Intraday 1Hour,,,,,,,8.29,8.29,8.29,8.29,0,8.34,8.34,8.34,8.34,0
ADIB.AD,,Market Price,2022-07-14T20:00:00.000000000Z,+4,Intraday 1Hour,,,,,,,8.44,8.44,8.44,8.44,0,8.5,8.5,8.5,8.5,0
ADNH.AD,,Market Price,2022-07-14T20:00:00.000000000Z,+4,Intraday 1Hour,,,,,,,3.76,3.76,3.76,3.76,0,3.78,3.78,3.78,3.78,0
ADNIC.AD,,Market Price,2022-07-14T20:00:00.000000000Z,+4,Intraday 1Hour,,,,,,,6.16,6.16,6.16,6.16,0,6.17,6.17,6.17,6.17,0
ADNOCDIST.AD,,Market Price,2022-07-14T20:00:00.000000000Z,+4,Intraday 1Hour,,,,,,,4.15,4.15,4.15,4.15,0,4.17,4.17,4.17,4.17,0
ADSB.AD,,Market Price,2022-07-14T20:00:00.000000000Z,+4,Intraday 1Hour,,,,,,,3.36,3.36,3.36,3.36,0,3.49,3.49,3.49,3.49,0
AFAI.OM,,Market Price,2022-07-14T20:00:00.000000000Z,+4,Intraday 1Hour,,,,,,,,,,,,,,,,
AFIC.OM,,Market Price,2022-07-14T20:00:00.000000000Z,+4,Intraday 1Hour,,,,,,,,,,,,,,,,
AFNIC.AD,,Market Price,2022-07-14T20:00:00.000000000Z,+4,Intraday 1Hour,,,,,,,,,,,,,,,,
AGHC.KW,,Market Price,2022-07-14T20:00:00.000000000Z,+3,Intraday 1Hour,,,,,,,251,251,251,251,0,265,265,265,265,0
AGLT.DU,,Market Price,2022-07-14T20:00:00.000000000Z,+4,Intraday 1Hour,,,,,,,,,,,,,,,,
AGLT.KW,,Market Price,2022-07-14T20:00:00.000000000Z,+3,Intraday 1Hour,,,,,,,756,756,756,756,0,774,774,774,774,0
AGTHIA.AD,,Market Price,2022-07-14T20:00:00.000000000Z,+4,Intraday 1Hour,,,,,,,5.29,5.29,5.29,5.29,0,5.3,5.3,5.3,5.3,0
AHCS.QA,,Market Price,2022-07-14T20:00:00.000000000Z,+3,Intraday 1Hour,,,,,,,1.04,1.04,1.04,1.04,0,1.06,1.07,1.06,1.07,0
AINS.KW,,Market Price,2022-07-14T20:00:00.000000000Z,+3,Intraday 1Hour,,,,,,,,,,,,545,545,545,545,0
AINS.OM,,Market Price,2022-07-14T20:00:00.000000000Z,+4,Intraday 1Hour,,,,,,,0.295,0.295,0.295,0.295,0,0.33,0.33,0.33,0.33,0
AIRA.DU,,Market Price,2022-07-14T20:00:00.000000000Z,+4,Intraday 1Hour,,,,,,,2.02,2.1,2.01,2.01,0,2.03,2.03,2.02,2.02,0
AJBNK.DU,,Market Price,2022-07-14T20:00:00.000000000Z,+4,Intraday 1Hour,,,,,,,0.716,0.717,0.715,0.716,0,0.718,0.719,0.716,0.719,0
AJSP.OM,,Market Price,2022-07-14T20:00:00.000000000Z,+4,Intraday 1Hour,,,,,,,,,,,,,,,,
AJSS.OM,,Market Price,2022-07-14T20:00:00.000000000Z,+4,Intraday 1Hour,,,,,,,0.27,0.27,0.27,0.27,0,0.284,0.284,0.284,0.284,0
AJWN.KW,,Market Price,2022-07-14T20:00:00.000000000Z,+3,Intraday 1Hour,,,,,,,13.3,13.3,13.3,13.3,0,14.7,14.7,14.7,14.7,0
AKIC.AD,,Market Price,2022-07-14T20:00:00.000000000Z,+4,Intraday 1Hour,,,,,,,,,,,,,,,,
AKPI.OM,,Market Price,2022-07-14T20:00:00.000000000Z,+4,Intraday 1Hour,,,,,,,,,,,,,,,,
ALAF.KW,,Market Price,2022-07-14T20:00:00.000000000Z,+3,Intraday 1Hour,,,,,,,188,188,188,188,0,196,196,196,196,0
ALAIN.AD,,Market Price,2022-07-14T20:00:00.000000000Z,+4,Intraday 1Hour,,,,,,,,,,,,,,,,
ALAQ.KW,,Market Price,2022-07-14T20:00:00.000000000Z,+3,Intraday 1Hour,,,,,,,39.3,39.3,39.3,39.3,0,41,41,41,41,0
ALBH.BH,,Market Price,2022-07-14T20:00:00.000000000Z,+3,Intraday 1Hour,,,,,,,1.101,1.101,1.101,1.101,0,1.105,1.105,1.105,1.105,0
ALDAR.AD,,Market Price,2022-07-14T20:00:00.000000000Z,+4,Intraday 1Hour,,,,,,,4.45,4.45,4.45,4.45,0,4.52,4.52,4.52,4.52,0
ALEID.KW,,Market Price,2022-07-14T20:00:00.000000000Z,+3,Intraday 1Hour,,,,,,,233,233,233,233,0,245,245,245,245,0
ALFH.DU,,Market Price,2022-07-14T20:00:00.000000000Z,+4,Intraday 1Hour,,,,,,,,,,,,0.33,0.33,0.33,0.33,0
ALIMK.KW,,Market Price,2022-07-14T20:00:00.000000000Z,+3,Intraday 1Hour,,,,,,,89.5,89.5,89.5,89.5,0,90,90,90,90,0
ALKK.KW,,Market Price,2022-07-14T20:00:00.000000000Z,+3,Intraday 1Hour,,,,,,,446,446,446,446,0,,,,,
ALL.DU,,Market Price,2022-07-14T20:00:00.000000000Z,+4,Intraday 1Hour,,,,,,,,,,,,,,,,
ALMAN.KW,,Market Price,2022-07-14T20:00:00.000000000Z,+3,Intraday 1Hour,,,,,,,58.8,58.8,58.8,58.8,0,62,62,62,62,0
ALPHADHABI.AD,,Market Price,2022-07-14T20:00:00.000000000Z,+4,Intraday 1Hour,,,,,,,24,24,24,24,0,24.22,24.22,24.22,24.22,0
ALQK.KW,,Market Price,2022-07-14T20:00:00.000000000Z,+3,Intraday 1Hour,,,,,,,315,315,315,315,0,320,320,320,320,0
ALRAMZ.DU,,Market Price,2022-07-14T20:00:00.000000000Z,+4,Intraday 1Hour,,,,,,,,,,,,1.12,1.12,1.12,1.12,0
AMAN.DU,,Market Price,2022-07-14T20:00:00.000000000Z,+4,Intraday 1Hour,,,,,,,0.92,0.92,0.92,0.92,0,0.965,0.965,0.965,0.965,0
AMAN.OM,,Market Price,2022-07-14T20:00:00.000000000Z,+4,Intraday 1Hour,,,,,,,0.09,0.09,0.09,0.09,0,0.095,0.095,0.095,0.095,0
AMANT.DU,,Market Price,2022-07-14T20:00:00.000000000Z,+4,Intraday 1Hour,,,,,,,0.915,0.92,0.915,0.92,0,0.92,0.925,0.92,0.925,0
AMAR.KW,,Market Price,2022-07-14T20:00:00.000000000Z,+3,Intraday 1Hour,,,,,,,20,20,20,20,0,22.9,22.9,22.9,22.9,0
AMARF.KW,,Market Price,2022-07-14T20:00:00.000000000Z,+3,Intraday 1Hour,,,,,,,61,61,60,60.5,0,62,64,61,64,0
AMAT.OM,,Market Price,2022-07-14T20:00:00.000000000Z,+4,Intraday 1Hour,,,,,,,0.092,0.092,0.092,0.092,0,0.094,0.094,0.094,0.094,0
AMCI.OM,,Market Price,2022-07-14T20:00:00.000000000Z,+4,Intraday 1Hour,,,,,,,0.5,0.5,0.5,0.5,0,0.512,0.512,0.512,0.512,0
AMCREIT.DU,,Market Price,2022-07-14T20:00:00.000000000Z,+4,Intraday 1Hour,,,,,,,,,,,,3.15,3.15,3.15,3.15,0
AMII.OM,,Market Price,2022-07-14T20:00:00.000000000Z,+4,Intraday 1Hour,,,,,,,0.05,0.05,0.05,0.05,0,0.059,0.059,0.059,0.059,0
AMLK.DU,,Market Price,2022-07-14T20:00:00.000000000Z,+4,Intraday 1Hour,,,,,,,0.475,0.476,0.475,0.476,0,0.483,0.49,0.483,0.49,0
ANAN.AD,,Market Price,2022-07-14T20:00:00.000000000Z,+4,Intraday 1Hour,,,,,,,,,,,,3.67,3.67,3.67,3.67,0
AOFS.OM,,Market Price,2022-07-14T20:00:00.000000000Z,+4,Intraday 1Hour,,,,,,,,,,,,0.175,0.175,0.175,0.175,0
APMTB.BH,,Market Price,2022-07-14T20:00:00.000000000Z,+3,Intraday 1Hour,,,,,,,1.152,1.152,1.152,1.152,0,1.242,1.242,1.242,1.242,0
AQAR.KW,,Market Price,2022-07-14T20:00:00.000000000Z,+3,Intraday 1Hour,,,,,,,62.9,62.9,62.9,62.9,0,69,69,69,69,0
ARAB.KW,,Market Price,2022-07-14T20:00:00.000000000Z,+3,Intraday 1Hour,,,,,,,33.3,33.3,33.3,33.3,0,35.2,35.2,35.2,35.2,0
AREC.KW,,Market Price,2022-07-14T20:00:00.000000000Z,+3,Intraday 1Hour,,,,,,,300,300,280,280,0,300,300,300,300,0
ARGK.KW,,Market Price,2022-07-14T20:00:00.000000000Z,+3,Intraday 1Hour,,,,,,,77,77,77,77,0,81,81,81,81,0
ARIG.BH,,Market Price,2022-07-14T20:00:00.000000000Z,+3,Intraday 1Hour,,,,,,,,,,,,,,,,
ARKK.KW,,Market Price,2022-07-14T20:00:00.000000000Z,+3,Intraday 1Hour,,,,,,,120,120,120,120,0,125,125,125,125,0
ARMX.DU,,Market Price,2022-07-14T20:00:00.000000000Z,+4,Intraday 1Hour,,,,,,,3.63,3.63,3.62,3.63,0,3.64,3.64,3.63,3.64,0
ARTC.DU,,Market Price,2022-07-14T20:00:00.000000000Z,+4,Intraday 1Hour,,,,,,,,,,,,,,,,
ARZA.KW,,Market Price,2022-07-14T20:00:00.000000000Z,+3,Intraday 1Hour,,,,,,,133,133,133,133,0,145,145,145,145,0
ASCI.DU,,Market Price,2022-07-14T20:00:00.000000000Z,+4,Intraday 1Hour,,,,,,,,,,,,,,,,
ASCK.KW,,Market Price,2022-07-14T20:00:00.000000000Z,+3,Intraday 1Hour,,,,,,,91.2,91.2,91.2,91.2,0,95,95,95,95,0
ASIYA.KW,,Market Price,2022-07-14T20:00:00.000000000Z,+3,Intraday 1Hour,,,,,,,55.5,55.5,55.5,55.5,0,56.9,56.9,56.9,56.9,0
ASM.AD,,Market Price,2022-07-14T20:00:00.000000000Z,+4,Intraday 1Hour,,,,,,,10,10,10,10,0,10.1,10.1,10.1,10.1,0
ASNC.DU,,Market Price,2022-07-14T20:00:00.000000000Z,+4,Intraday 1Hour,,,,,,,,,,,,,,,,
ATCK.KW,,Market Price,2022-07-14T20:00:00.000000000Z,+3,Intraday 1Hour,,,,,,,,,,,,491,491,491,491,0
ATMI.OM,,Market Price,2022-07-14T20:00:00.000000000Z,+4,Intraday 1Hour,,,,,,,0.31,0.31,0.31,0.31,0,0.348,0.348,0.348,0.348,0
AUBB.BH,,Market Price,2022-07-14T20:00:00.000000000Z,+3,Intraday 1Hour,,,,,,,0.9,0.9,0.9,0.9,0,0.91,0.91,0.91,0.91,0
AUBK.KW,,Market Price,2022-07-14T20:00:00.000000000Z,+3,Intraday 1Hour,,,,,,,278,278,278,278,0,280,280,280,280,0
AWNIC.AD,,Market Price,2022-07-14T20:00:00.000000000Z,+4,Intraday 1Hour,,,,,,,,,,,,4.95,4.95,4.95,4.95,0
AYRE.KW,,Market Price,2022-07-14T20:00:00.000000000Z,+3,Intraday 1Hour,,,,,,,68.3,68.3,68.3,68.3,0,70.9,70.9,70.9,70.9,0
AZNOULA.KW,,Market Price,2022-07-14T20:00:00.000000000Z,+3,Intraday 1Hour,,,,,,,204,204,204,204,0,205,205,205,205,0
BACS.OM,,Market Price,2022-07-14T20:00:00.000000000Z,+4,Intraday 1Hour,,,,,,,0.14,0.14,0.14,0.14,0,0.144,0.144,0.144,0.144,0
BAHS.OM,,Market Price,2022-07-14T20:00:00.000000000Z,+4,Intraday 1Hour,,,,,,,,,,,,,,,,
BAITAKREIT.KW,,Market Price,2022-07-14T20:00:00.000000000Z,+3,Intraday 1Hour,,,,,,,1253,1253,1253,1253,0,1270,1270,1270,1270,0
BANA.BH,,Market Price,2022-07-14T20:00:00.000000000Z,+3,Intraday 1Hour,,,,,,,,,,,,0.123,0.123,0.123,0.123,0
BARKA.BH,,Market Price,2022-07-14T20:00:00.000000000Z,+3,Intraday 1Hour,,,,,,,0.313,0.313,0.313,0.313,0,0.315,0.315,0.315,0.315,0
BATP.OM,,Market Price,2022-07-14T20:00:00.000000000Z,+4,Intraday 1Hour,,,,,,,0.045,0.045,0.045,0.045,0,0.047,0.047,0.047,0.047,0
BAYK.KW,,Market Price,2022-07-14T20:00:00.000000000Z,+3,Intraday 1Hour,,,,,,,31,31,31,31,0,32.4,32.4,32.4,32.4,0
BBKB.BH,,Market Price,2022-07-14T20:00:00.000000000Z,+3,Intraday 1Hour,,,,,,,0.478,0.478,0.478,0.478,0,0.48,0.48,0.48,0.48,0
BCFC.BH,,Market Price,2022-07-14T20:00:00.000000000Z,+3,Intraday 1Hour,,,,,,,0.465,0.465,0.465,0.465,0,0.482,0.482,0.482,0.482,0
BFMC.BH,,Market Price,2022-07-14T20:00:00.000000000Z,+3,Intraday 1Hour,,,,,,,0.338,0.338,0.338,0.338,0,0.411,0.411,0.411,0.411,0
BHMCAPITAL.DU,,Market Price,2022-07-14T20:00:00.000000000Z,+4,Intraday 1Hour,,,,,,,0.85,0.85,0.85,0.85,0,0.9,0.9,0.9,0.9,0
BILDCO.AD,,Market Price,2022-07-14T20:00:00.000000000Z,+4,Intraday 1Hour,,,,,,,0.17,0.17,0.17,0.17,0,0.18,0.18,0.18,0.18,0
BISB.BH,,Market Price,2022-07-14T20:00:00.000000000Z,+3,Intraday 1Hour,,,,,,,0.073,0.073,0.073,0.073,0,0.075,0.075,0.075,0.075,0
BKDB.OM,,Market Price,2022-07-14T20:00:00.000000000Z,+4,Intraday 1Hour,,,,,,,0.112,0.112,0.112,0.112,0,0.116,0.116,0.116,0.116,0
BKIC.BH,,Market Price,2022-07-14T20:00:00.000000000Z,+3,Intraday 1Hour,,,,,,,,,,,,0.395,0.395,0.395,0.395,0
BKIK.KW,,Market Price,2022-07-14T20:00:00.000000000Z,+3,Intraday 1Hour,,,,,,,,,,,,,,,,
BKMB.OM,,Market Price,2022-07-14T20:00:00.000000000Z,+4,Intraday 1Hour,,,,,,,0.532,0.532,0.524,0.524,0,0.532,0.532,0.53,0.532,0
BKME.KW,,Market Price,2022-07-14T20:00:00.000000000Z,+3,Intraday 1Hour,,,,,,,274,274,274,274,0,285,285,285,285,0
BKNZ.OM,,Market Price,2022-07-14T20:00:00.000000000Z,+4,Intraday 1Hour,,,,,,,0.094,0.094,0.094,0.094,0,0.095,0.095,0.095,0.095,0
BKSB.OM,,Market Price,2022-07-14T20:00:00.000000000Z,+4,Intraday 1Hour,,,,,,,0.101,0.101,0.101,0.101,0,0.108,0.108,0.108,0.108,0
BLDN.QA,,Market Price,2022-07-14T20:00:00.000000000Z,+3,Intraday 1Hour,,,,,,,1.514,1.526,1.514,1.514,0,1.515,1.526,1.5,1.526,0
BMEB.BH,,Market Price,2022-07-14T20:00:00.000000000Z,+3,Intraday 1Hour,,,,,,,,,,,,,,,,
BMMI.BH,,Market Price,2022-07-14T20:00:00.000000000Z,+3,Intraday 1Hour,,,,,,,,,,,,0.748,0.748,0.748,0.748,0
BMUS.BH,,Market Price,2022-07-14T20:00:00.000000000Z,+3,Intraday 1Hour,,,,,,,,,,,,,,,,
BOS.AD,,Market Price,2022-07-14T20:00:00.000000000Z,+4,Intraday 1Hour,,,,,,,,,,,,0.549,0.549,0.549,0.549,0
BOUK.KW,,Market Price,2022-07-14T20:00:00.000000000Z,+3,Intraday 1Hour,,,,,,,771,771,771,771,0,780,780,780,780,0
BOURSA.KW,,Market Price,2022-07-14T20:00:00.000000000Z,+3,Intraday 1Hour,,,,,,,2214,2214,2214,2214,0,2297,2297,2297,2297,0
BPCC.KW,,Market Price,2022-07-14T20:00:00.000000000Z,+3,Intraday 1Hour,,,,,,,901,901,901,901,0,914,914,914,914,0
BRES.QA,,Market Price,2022-07-14T20:00:00.000000000Z,+3,Intraday 1Hour,,,,,,,3.496,3.496,3.38,3.38,0,3.403,3.403,3.227,3.39,0
BURG.KW,,Market Price,2022-07-14T20:00:00.000000000Z,+3,Intraday 1Hour,,,,,,,227,227,227,227,0,232,232,232,232,0
CABL.KW,,Market Price,2022-07-14T20:00:00.000000000Z,+3,Intraday 1Hour,,,,,,,1240,1240,1240,1240,0,1274,1274,1274,1274,0
CATT.KW,,Market Price,2022-07-14T20:00:00.000000000Z,+3,Intraday 1Hour,,,,,,,126,128,126,128,0,135,135,135,135,0
CBD.DU,,Market Price,2022-07-14T20:00:00.000000000Z,+4,Intraday 1Hour,,,,,,,4.5,4.5,4.5,4.5,0,4.79,4.79,4.79,4.79,0
CBI.AD,,Market Price,2022-07-14T20:00:00.000000000Z,+4,Intraday 1Hour,,,,,,,,,,,,1.1,1.1,1.1,1.1,0
CBKK.KW,,Market Price,2022-07-14T20:00:00.000000000Z,+3,Intraday 1Hour,,,,,,,500,500,500,500,0,504,504,504,504,0
CGCK.KW,,Market Price,2022-07-14T20:00:00.000000000Z,+3,Intraday 1Hour,,,,,,,446,446,446,446,0,456,458,456,458,0
CHAE.DU,,Market Price,2022-07-14T20:00:00.000000000Z,+4,Intraday 1Hour,,,,,,,4.67,4.67,4.67,4.67,0,4.8,4.8,4.8,4.8,0
CHAEIN.AD,,Market Price,2022-07-14T20:00:00.000000000Z,+4,Intraday 1Hour,,,,,,,4.6,4.6,4.6,4.6,0,4.64,4.64,4.64,4.64,0
CHAESH.AD,,Market Price,2022-07-14T20:00:00.000000000Z,+4,Intraday 1Hour,,,,,,,6.45,6.45,6.45,6.45,0,6.58,6.58,6.58,6.58,0
CHAESHIN.DU,,Market Price,2022-07-14T20:00:00.000000000Z,+4,Intraday 1Hour,,,,,,,6.14,6.14,6.14,6.14,0,6.28,6.28,6.28,6.28,0
CLEA.KW,,Market Price,2022-07-14T20:00:00.000000000Z,+3,Intraday 1Hour,,,,,,,38,38,38,38,0,40.8,40.8,40.8,40.8,0
CMII.OM,,Market Price,2022-07-14T20:00:00.000000000Z,+4,Intraday 1Hour,,,,,,,0.072,0.072,0.072,0.072,0,0.08,0.08,0.08,0.08,0
COAS.KW,,Market Price,2022-07-14T20:00:00.000000000Z,+3,Intraday 1Hour,,,,,,,95,95,94,94.7,0,99,99,99,99,0
COMB.QA,,Market Price,2022-07-14T20:00:00.000000000Z,+3,Intraday 1Hour,,,,,,,6.846,6.846,6.474,6.474,0,6.521,6.549,5.9,6.51,0
CSII.OM,,Market Price,2022-07-14T20:00:00.000000000Z,+4,Intraday 1Hour,,,,,,,,,,,,0.26,0.26,0.26,0.26,0
DALQ.KW,,Market Price,2022-07-14T20:00:00.000000000Z,+3,Intraday 1Hour,,,,,,,204,204,204,204,0,205,229,205,229,0
DAMAC.DU,,Market Price,2022-07-14T20:00:00.000000000Z,+4,Intraday 1Hour,,,,,,,,,,,,,,,,
DANA.AD,,Market Price,2022-07-14T20:00:00.000000000Z,+4,Intraday 1Hour,,,,,,,1.01,1.01,1,1,0,1.02,1.02,1.02,1.02,0
DBCI.OM,,Market Price,2022-07-14T20:00:00.000000000Z,+4,Intraday 1Hour,,,,,,,,,,,,,,,,
DBIH.OM,,Market Price,2022-07-14T20:00:00.000000000Z,+4,Intraday 1Hour,,,,,,,0.055,0.055,0.05,0.05,0,0.055,0.055,0.055,0.055,0
DBIS.QA,,Market Price,2022-07-14T20:00:00.000000000Z,+3,Intraday 1Hour,,,,,,,1.375,1.375,1.375,1.375,0,1.391,1.391,1.391,1.391,0
DCFI.OM,,Market Price,2022-07-14T20:00:00.000000000Z,+4,Intraday 1Hour,,,,,,,,,,,,0.083,0.083,0.083,0.083,0
DEER.KW,,Market Price,2022-07-14T20:00:00.000000000Z,+3,Intraday 1Hour,,,,,,,171,171,171,171,0,180,180,180,180,0
DEYR.DU,,Market Price,2022-07-14T20:00:00.000000000Z,+4,Intraday 1Hour,,,,,,,0.466,0.48,0.466,0.468,0,0.469,0.478,0.466,0.474,0
DFII.OM,,Market Price,2022-07-14T20:00:00.000000000Z,+4,Intraday 1Hour,,,,,,,,,,,,,,,,
DFM.DU,,Market Price,2022-07-14T20:00:00.000000000Z,+4,Intraday 1Hour,,,,,,,1.58,1.62,1.57,1.61,0,1.59,1.63,1.58,1.62,0
DGEN.OM,,Market Price,2022-07-14T20:00:00.000000000Z,+4,Intraday 1Hour,,,,,,,0.049,0.049,0.049,0.049,0,,,,,
DHAFRA.AD,,Market Price,2022-07-14T20:00:00.000000000Z,+4,Intraday 1Hour,,,,,,,,,,,,,,,,
DICO.QA,,Market Price,2022-07-14T20:00:00.000000000Z,+3,Intraday 1Hour,,,,,,,2.04,2.04,2.04,2.04,0,2.088,2.088,2.088,2.088,0
DICS.OM,,Market Price,2022-07-14T20:00:00.000000000Z,+4,Intraday 1Hour,,,,,,,0.18,0.18,0.18,0.18,0,0.2,0.2,0.2,0.2,0
DIDI.OM,,Market Price,2022-07-14T20:00:00.000000000Z,+4,Intraday 1Hour,,,,,,,0.125,0.125,0.125,0.125,0,0.14,0.14,0.14,0.14,0
DINC.DU,,Market Price,2022-07-14T20:00:00.000000000Z,+4,Intraday 1Hour,,,,,,,7.5,7.5,7.5,7.5,0,8.33,8.33,8.33,8.33,0
DINV.DU,,Market Price,2022-07-14T20:00:00.000000000Z,+4,Intraday 1Hour,,,,,,,2.16,2.16,2.15,2.16,0,2.17,2.17,2.17,2.17,0
DISB.DU,,Market Price,2022-07-14T20:00:00.000000000Z,+4,Intraday 1Hour,,,,,,,5.55,5.56,5.54,5.54,0,5.56,5.57,5.55,5.56,0
DMGI.OM,,Market Price,2022-07-14T20:00:00.000000000Z,+4,Intraday 1Hour,,,,,,,,,,,,0.038,0.038,0.038,0.038,0
DNIN.DU,,Market Price,2022-07-14T20:00:00.000000000Z,+4,Intraday 1Hour,,,,,,,7,7,7,7,0,7.28,7.28,7.28,7.28,0
DOBK.QA,,Market Price,2022-07-14T20:00:00.000000000Z,+3,Intraday 1Hour,,,,,,,2.504,2.504,2.382,2.4,0,2.386,2.409,2.245,2.409,0
DPCI.OM,,Market Price,2022-07-14T20:00:00.000000000Z,+4,Intraday 1Hour,,,,,,,,,,,,,,,,
DRC.DU,,Market Price,2022-07-14T20:00:00.000000000Z,+4,Intraday 1Hour,,,,,,,16.3,16.3,16.3,16.3,0,18.1,18.1,18.1,18.1,0
DRIVE.AD,,Market Price,2022-07-14T20:00:00.000000000Z,+4,Intraday 1Hour,,,,,,,19.4,19.4,19.4,19.4,0,19.64,19.64,19.64,19.64,0
DSI.DU,,Market Price,2022-07-14T20:00:00.000000000Z,+4,Intraday 1Hour,,,,,,,,,,,,,,,,
DTCS.OM,,Market Price,2022-07-14T20:00:00.000000000Z,+4,Intraday 1Hour,,,,,,,,,,,,,,,,
DTKF.DU,,Market Price,2022-07-14T20:00:00.000000000Z,+4,Intraday 1Hour,,,,,,,0.915,0.915,0.915,0.915,0,0.984,0.984,0.984,0.984,0
DU.DU,,Market Price,2022-07-14T20:00:00.000000000Z,+4,Intraday 1Hour,,,,,,,5.78,5.8,5.77,5.77,0,5.8,5.81,5.8,5.81,0
EASYLEASE.AD,,Market Price,2022-07-14T20:00:00.000000000Z,+4,Intraday 1Hour,,,,,,,38.2,38.2,38.2,38.2,0,40.5,40.5,40.5,40.5,0
EDUK.KW,,Market Price,2022-07-14T20:00:00.000000000Z,+3,Intraday 1Hour,,,,,,,2950,2950,2950,2950,0,3197,3197,3197,3197,0
EIB.DU,,Market Price,2022-07-14T20:00:00.000000000Z,+4,Intraday 1Hour,,,,,,,,,,,,,,,,
EIBAN.DU,,Market Price,2022-07-14T20:00:00.000000000Z,+4,Intraday 1Hour,,,,,,,,,,,,,,,,
EIC.AD,,Market Price,2022-07-14T20:00:00.000000000Z,+4,Intraday 1Hour,,,,,,,,,,,,,,,,
EKHK.KW,,Market Price,2022-07-14T20:00:00.000000000Z,+3,Intraday 1Hour,,,,,,,385,385,385,385,0,399,400,399,400,0
EKTT.DU,,Market Price,2022-07-14T20:00:00.000000000Z,+4,Intraday 1Hour,,,,,,,0.166,0.166,0.165,0.165,0,0.176,0.176,0.168,0.168,0
EKTT.KW,,Market Price,2022-07-14T20:00:00.000000000Z,+3,Intraday 1Hour,,,,,,,11.4,11.7,11.4,11.4,0,12,12,12,12,0
EMAARDEV.DU,,Market Price,2022-07-14T20:00:00.000000000Z,+4,Intraday 1Hour,,,,,,,4.14,4.14,4.1,4.12,0,4.15,4.16,4.11,4.16,0
EMAR.DU,,Market Price,2022-07-14T20:00:00.000000000Z,+4,Intraday 1Hour,,,,,,,5.16,5.16,5.15,5.15,0,5.17,5.17,5.16,5.17,0
ENBD.DU,,Market Price,2022-07-14T20:00:00.000000000Z,+4,Intraday 1Hour,,,,,,,12.2,12.25,12.15,12.2,0,12.25,12.35,12.2,12.35,0
ENER.KW,,Market Price,2022-07-14T20:00:00.000000000Z,+3,Intraday 1Hour,,,,,,,40,40,40,40,0,44,44,44,44,0
ENMA.KW,,Market Price,2022-07-14T20:00:00.000000000Z,+3,Intraday 1Hour,,,,,,,57.5,57.5,57.5,57.5,0,61,61,61,61,0
EQUI.KW,,Market Price,2022-07-14T20:00:00.000000000Z,+3,Intraday 1Hour,,,,,,,38,40,38,38.1,0,41.8,41.8,40,41.8,0
ERC.DU,,Market Price,2022-07-14T20:00:00.000000000Z,+4,Intraday 1Hour,,,,,,,3.28,3.28,3.28,3.28,0,2.96,2.96,2.96,2.96,0
ERES.QA,,Market Price,2022-07-14T20:00:00.000000000Z,+3,Intraday 1Hour,,,,,,,0.98,0.98,0.951,0.951,0,0.981,0.981,0.923,0.98,0
ESG.AD,,Market Price,2022-07-14T20:00:00.000000000Z,+4,Intraday 1Hour,,,,,,,6.35,6.35,6.35,6.35,0,6.43,6.43,6.43,6.43,0
ESHRAQ.AD,,Market Price,2022-07-14T20:00:00.000000000Z,+4,Intraday 1Hour,,,,,,,0.33,0.33,0.329,0.329,0,0.34,0.34,0.34,0.34,0
ETISALAT.AD,,Market Price,2022-07-14T20:00:00.000000000Z,+4,Intraday 1Hour,,,,,,,25.04,25.04,25.04,25.04,0,25.54,25.6,25.54,25.6,0
FAB.AD,,Market Price,2022-07-14T20:00:00.000000000Z,+4,Intraday 1Hour,,,,,,,18.44,18.44,18.44,18.44,0,18.72,18.74,18.72,18.74,0
FACI.KW,,Market Price,2022-07-14T20:00:00.000000000Z,+3,Intraday 1Hour,,,,,,,202,204,202,202,0,205,209,205,209,0
FALH.QA,,Market Price,2022-07-14T20:00:00.000000000Z,+3,Intraday 1Hour,,,,,,,1.375,1.375,1.374,1.374,0,1.4,1.4,1.4,1.4,0
FBI.AD,,Market Price,2022-07-14T20:00:00.000000000Z,+4,Intraday 1Hour,,,,,,,1.97,1.97,1.97,1.97,0,,,,,
FCEM.KW,,Market Price,2022-07-14T20:00:00.000000000Z,+3,Intraday 1Hour,,,,,,,,,,,,36,36,36,36,0
FCI.AD,,Market Price,2022-07-14T20:00:00.000000000Z,+4,Intraday 1Hour,,,,,,,0.446,0.446,0.446,0.446,0,0.48,0.48,0.48,0.48,0
FH.AD,,Market Price,2022-07-14T20:00:00.000000000Z,+4,Intraday 1Hour,,,,,,,,,,,,1.84,1.84,1.84,1.84,0
FIDELITYUNITED.AD,,Market Price,2022-07-14T20:00:00.000000000Z,+4,Intraday 1Hour,,,,,,,,,,,,,,,,
FINC.OM,,Market Price,2022-07-14T20:00:00.000000000Z,+4,Intraday 1Hour,,,,,,,,,,,,0.075,0.075,0.075,0.075,0
FIRST.KW,,Market Price,2022-07-14T20:00:00.000000000Z,+3,Intraday 1Hour,,,,,,,59,59,59,59,0,60.6,60.6,60.6,60.6,0
FNF.AD,,Market Price,2022-07-14T20:00:00.000000000Z,+4,Intraday 1Hour,,,,,,,,,,,,,,,,
FOODCO.AD,,Market Price,2022-07-14T20:00:00.000000000Z,+4,Intraday 1Hour,,,,,,,,,,,,3.82,3.82,3.82,3.82,0
FSCI.OM,,Market Price,2022-07-14T20:00:00.000000000Z,+4,Intraday 1Hour,,,,,,,,,,,,0.176,0.176,0.176,0.176,0
FTIK.KW,,Market Price,2022-07-14T20:00:00.000000000Z,+3,Intraday 1Hour,,,,,,,,,,,,48.9,48.9,48.9,48.9,0
GBKK.KW,,Market Price,2022-07-14T20:00:00.000000000Z,+3,Intraday 1Hour,,,,,,,315,315,315,315,0,319,319,319,319,0
GCEM.AD,,Market Price,2022-07-14T20:00:00.000000000Z,+4,Intraday 1Hour,,,,,,,0.45,0.45,0.45,0.45,0,0.541,0.541,0.541,0.541,0
GECP.OM,,Market Price,2022-07-14T20:00:00.000000000Z,+4,Intraday 1Hour,,,,,,,,,,,,,,,,
GECS.OM,,Market Price,2022-07-14T20:00:00.000000000Z,+4,Intraday 1Hour,,,,,,,0.111,0.111,0.108,0.108,0,0.111,0.112,0.111,0.112,0
GFCI.KW,,Market Price,2022-07-14T20:00:00.000000000Z,+3,Intraday 1Hour,,,,,,,,,,,,85,85,85,85,0
GFH.DU,,Market Price,2022-07-14T20:00:00.000000000Z,+4,Intraday 1Hour,,,,,,,0.987,1.01,0.985,0.986,0,0.99,0.998,0.98,0.99,0
GFHK.KW,,Market Price,2022-07-14T20:00:00.000000000Z,+3,Intraday 1Hour,,,,,,,84,84,84,84,0,85.2,85.2,85.2,85.2,0
GFIC.OM,,Market Price,2022-07-14T20:00:00.000000000Z,+4,Intraday 1Hour,,,,,,,0.062,0.066,0.06,0.06,0,0.066,0.068,0.066,0.068,0
GGIC.DU,,Market Price,2022-07-14T20:00:00.000000000Z,+4,Intraday 1Hour,,,,,,,,,,,,,,,,
GHOS.OM,,Market Price,2022-07-14T20:00:00.000000000Z,+4,Intraday 1Hour,,,,,,,,,,,,,,,,
GICI.OM,,Market Price,2022-07-14T20:00:00.000000000Z,+4,Intraday 1Hour,,,,,,,0.093,0.093,0.093,0.093,0,0.1,0.1,0.1,0.1,0
GIHK.KW,,Market Price,2022-07-14T20:00:00.000000000Z,+3,Intraday 1Hour,,,,,,,278,279,278,279,0,290,290,290,290,0
GINS.KW,,Market Price,2022-07-14T20:00:00.000000000Z,+3,Intraday 1Hour,,,,,,,987,987,987,987,0,1030,1030,1030,1030,0
GISS.QA,,Market Price,2022-07-14T20:00:00.000000000Z,+3,Intraday 1Hour,,,,,,,1.722,1.9,1.722,1.73,0,1.73,1.747,1.72,1.747,0
GMPC.AD,,Market Price,2022-07-14T20:00:00.000000000Z,+4,Intraday 1Hour,,,,,,,,,,,,2.48,2.48,2.48,2.48,0
GMPI.OM,,Market Price,2022-07-14T20:00:00.000000000Z,+4,Intraday 1Hour,,,,,,,0.261,0.261,0.261,0.261,0,0.29,0.29,0.29,0.29,0
GNAV.DU,,Market Price,2022-07-14T20:00:00.000000000Z,+4,Intraday 1Hour,,,,,,,0.268,0.278,0.268,0.268,0,0.277,0.278,0.261,0.278,0
GPIK.KW,,Market Price,2022-07-14T20:00:00.000000000Z,+3,Intraday 1Hour,,,,,,,16.1,16.1,16.1,16.1,0,17,17,17,17,0
GSCI.OM,,Market Price,2022-07-14T20:00:00.000000000Z,+4,Intraday 1Hour,,,,,,,,,,,,,,,,
GULFA.DU,,Market Price,2022-07-14T20:00:00.000000000Z,+4,Intraday 1Hour,,,,,,,,,,,,,,,,
GWCS.QA,,Market Price,2022-07-14T20:00:00.000000000Z,+3,Intraday 1Hour,,,,,,,4.013,4.013,4.013,4.013,0,4.07,4.07,4.07,4.07,0
HAYK.KW,,Market Price,2022-07-14T20:00:00.000000000Z,+3,Intraday 1Hour,,,,,,,68.4,68.4,68.4,68.4,0,76,76,76,76,0
HBMO.OM,,Market Price,2022-07-14T20:00:00.000000000Z,+4,Intraday 1Hour,,,,,,,0.12,0.12,0.118,0.118,0,,,,,
HECI.OM,,Market Price,2022-07-14T20:00:00.000000000Z,+4,Intraday 1Hour,,,,,,,0.02,0.02,0.02,0.02,0,0.025,0.025,0.025,0.025,0
HMCI.OM,,Market Price,2022-07-14T20:00:00.000000000Z,+4,Intraday 1Hour,,,,,,,,,,,,,,,,
HUMN.KW,,Market Price,2022-07-14T20:00:00.000000000Z,+3,Intraday 1Hour,,,,,,,3080,3080,3080,3080,0,3100,3100,3100,3100,0
IFAH.KW,,Market Price,2022-07-14T20:00:00.000000000Z,+3,Intraday 1Hour,,,,,,,37.7,40.1,37.1,37.2,0,42.1,42.1,42.1,42.1,0
IFIN.DU,,Market Price,2022-07-14T20:00:00.000000000Z,+4,Intraday 1Hour,,,,,,,,,,,,2.25,2.25,2.25,2.25,0
IFIN.KW,,Market Price,2022-07-14T20:00:00.000000000Z,+3,Intraday 1Hour,,,,,,,87.2,87.2,87.2,87.2,0,92,92,92,92,0
IGRD.QA,,Market Price,2022-07-14T20:00:00.000000000Z,+3,Intraday 1Hour,,,,,,,1.586,1.7,1.586,1.586,0,1.599,1.614,1.594,1.595,0
IH.AD,,Market Price,2022-07-14T20:00:00.000000000Z,+4,Intraday 1Hour,,,,,,,,,,,,0.85,0.85,0.85,0.85,0
IHC.AD,,Market Price,2022-07-14T20:00:00.000000000Z,+4,Intraday 1Hour,,,,,,,282.2,282.2,282.2,282.2,0,284.3,284.3,284.3,284.3,0
IHGS.QA,,Market Price,2022-07-14T20:00:00.000000000Z,+3,Intraday 1Hour,,,,,,,5.053,5.103,5.053,5.1,0,5.219,5.219,5.1,5.169,0
INJA.KW,,Market Price,2022-07-14T20:00:00.000000000Z,+3,Intraday 1Hour,,,,,,,81,81,81,81,0,86,86,86,86,0
INOV.KW,,Market Price,2022-07-14T20:00:00.000000000Z,+3,Intraday 1Hour,,,,,,,140,140,140,140,0,152,152,152,152,0
INTG.KW,,Market Price,2022-07-14T20:00:00.000000000Z,+3,Intraday 1Hour,,,,,,,389,389,389,389,0,400,400,400,400,0
INVESTB.AD,,Market Price,2022-07-14T20:00:00.000000000Z,+4,Intraday 1Hour,,,,,,,,,,,,,,,,
IPGK.KW,,Market Price,2022-07-14T20:00:00.000000000Z,+3,Intraday 1Hour,,,,,,,397,397,397,397,0,439,439,439,439,0
IQCD.QA,,Market Price,2022-07-14T20:00:00.000000000Z,+3,Intraday 1Hour,,,,,,,16.15,16.15,14.5,14.5,0,14.49,14.69,13.75,14.69,0
ITHMR.DU,,Market Price,2022-07-14T20:00:00.000000000Z,+4,Intraday 1Hour,,,,,,,0.197,0.197,0.196,0.197,0,0.2,0.2,0.2,0.2,0
JAZK.KW,,Market Price,2022-07-14T20:00:00.000000000Z,+3,Intraday 1Hour,,,,,,,1875,1875,1875,1875,0,1919,1919,1919,1919,0
JIYAD.KW,,Market Price,2022-07-14T20:00:00.000000000Z,+3,Intraday 1Hour,,,,,,,16.2,16.2,16.2,16.2,0,17.2,17.2,17.2,17.2,0
JULPHAR.AD,,Market Price,2022-07-14T20:00:00.000000000Z,+4,Intraday 1Hour,,,,,,,1.34,1.34,1.34,1.34,0,1.36,1.36,1.36,1.36,0
KAMC.KW,,Market Price,2022-07-14T20:00:00.000000000Z,+3,Intraday 1Hour,,,,,,,108,108,108,108,0,112,112,112,112,0
KBTK.KW,,Market Price,2022-07-14T20:00:00.000000000Z,+3,Intraday 1Hour,,,,,,,67.5,67.5,67.5,67.5,0,69.6,69.6,69.6,69.6,0
KCEM.KW,,Market Price,2022-07-14T20:00:00.000000000Z,+3,Intraday 1Hour,,,,,,,216,216,216,216,0,226,226,226,226,0
KCIN.KW,,Market Price,2022-07-14T20:00:00.000000000Z,+3,Intraday 1Hour,,,,,,,858,858,858,858,0,898,898,898,898,0
KCPC.KW,,Market Price,2022-07-14T20:00:00.000000000Z,+3,Intraday 1Hour,,,,,,,320,320,320,320,0,350,350,350,350,0
KFDC.KW,,Market Price,2022-07-14T20:00:00.000000000Z,+3,Intraday 1Hour,,,,,,,289,289,289,289,0,320,320,320,320,0
KFH.KW,,Market Price,2022-07-14T20:00:00.000000000Z,+3,Intraday 1Hour,,,,,,,821,821,821,821,0,849,849,849,849,0
KFSK.KW,,Market Price,2022-07-14T20:00:00.000000000Z,+3,Intraday 1Hour,,,,,,,66.5,66.5,66.5,66.5,0,71,71,71,71,0
KGLK.KW,,Market Price,2022-07-14T20:00:00.000000000Z,+3,Intraday 1Hour,,,,,,,58.3,58.3,58.3,58.3,0,62,62,62,62,0
KHOT.KW,,Market Price,2022-07-14T20:00:00.000000000Z,+3,Intraday 1Hour,,,,,,,110,110,110,110,0,,,,,
KIBK.KW,,Market Price,2022-07-14T20:00:00.000000000Z,+3,Intraday 1Hour,,,,,,,211,211,211,211,0,214,214,214,214,0
KICO.AD,,Market Price,2022-07-14T20:00:00.000000000Z,+4,Intraday 1Hour,,,,,,,,,,,,1.25,1.25,1.25,1.25,0
KIDK.KW,,Market Price,2022-07-14T20:00:00.000000000Z,+3,Intraday 1Hour,,,,,,,90.3,90.3,90.3,90.3,0,97.4,97.4,97.4,97.4,0
KINS.KW,,Market Price,2022-07-14T20:00:00.000000000Z,+3,Intraday 1Hour,,,,,,,426,426,426,426,0,460,460,460,460,0
KINS.QA,,Market Price,2022-07-14T20:00:00.000000000Z,+3,Intraday 1Hour,,,,,,,3.02,3.04,3.016,3.016,0,3.096,3.096,3.04,3.095,0
KINV.KW,,Market Price,2022-07-14T20:00:00.000000000Z,+3,Intraday 1Hour,,,,,,,147,147,147,147,0,149,149,149,149,0
KMEF.KW,,Market Price,2022-07-14T20:00:00.000000000Z,+3,Intraday 1Hour,,,,,,,,,,,,152,152,152,152,0
KPCS.OM,,Market Price,2022-07-14T20:00:00.000000000Z,+4,Intraday 1Hour,,,,,,,,,,,,,,,,
KPPC.KW,,Market Price,2022-07-14T20:00:00.000000000Z,+3,Intraday 1Hour,,,,,,,46.7,46.7,46.7,46.7,0,48.5,48.5,48.5,48.5,0
KPRO.KW,,Market Price,2022-07-14T20:00:00.000000000Z,+3,Intraday 1Hour,,,,,,,140,140,140,140,0,143,143,143,143,0
KREK.KW,,Market Price,2022-07-14T20:00:00.000000000Z,+3,Intraday 1Hour,,,,,,,131,131,131,131,0,138,138,138,138,0
KSHC.KW,,Market Price,2022-07-14T20:00:00.000000000Z,+3,Intraday 1Hour,,,,,,,26.6,26.7,26.6,26.7,0,29.8,29.9,29.7,29.9,0
KWRE.KW,,Market Price,2022-07-14T20:00:00.000000000Z,+3,Intraday 1Hour,,,,,,,,,,,,268,268,268,268,0
LAND.KW,,Market Price,2022-07-14T20:00:00.000000000Z,+3,Intraday 1Hour,,,,,,,62.5,62.5,62.5,62.5,0,66,66,66,66,0
MABK.KW,,Market Price,2022-07-14T20:00:00.000000000Z,+3,Intraday 1Hour,,,,,,,758,758,758,758,0,784,784,784,784,0
MADI.DU,,Market Price,2022-07-14T20:00:00.000000000Z,+4,Intraday 1Hour,,,,,,,,,,,,,,,,
MADR.KW,,Market Price,2022-07-14T20:00:00.000000000Z,+3,Intraday 1Hour,,,,,,,,,,,,98.4,98.4,98.4,98.4,0
MANAZEL.AD,,Market Price,2022-07-14T20:00:00.000000000Z,+4,Intraday 1Hour,,,,,,,0.398,0.398,0.398,0.398,0,0.4,0.4,0.4,0.4,0
MANK.KW,,Market Price,2022-07-14T20:00:00.000000000Z,+3,Intraday 1Hour,,,,,,,32.2,32.2,32.2,32.2,0,33.8,33.8,33.8,33.8,0
MARA.KW,,Market Price,2022-07-14T20:00:00.000000000Z,+3,Intraday 1Hour,,,,,,,56.2,56.2,55.5,55.5,0,57.7,58.3,56.2,58.3,0
MARK.QA,,Market Price,2022-07-14T20:00:00.000000000Z,+3,Intraday 1Hour,,,,,,,4.075,4.075,3.85,3.85,0,3.843,3.87,3.641,3.87,0
MARKA.DU,,Market Price,2022-07-14T20:00:00.000000000Z,+4,Intraday 1Hour,,,,,,,,,,,,,,,,
MARKZ.KW,,Market Price,2022-07-14T20:00:00.000000000Z,+3,Intraday 1Hour,,,,,,,129,129,129,129,0,135,135,135,135,0
MASB.DU,,Market Price,2022-07-14T20:00:00.000000000Z,+4,Intraday 1Hour,,,,,,,,,,,,83,83,83,83,0
MASH.KW,,Market Price,2022-07-14T20:00:00.000000000Z,+3,Intraday 1Hour,,,,,,,58,58,58,58,0,61,61,61,61,0
MASKN.KW,,Market Price,2022-07-14T20:00:00.000000000Z,+3,Intraday 1Hour,,,,,,,30,30,30,30,0,30,30,30,30,0
MAZA.DU,,Market Price,2022-07-14T20:00:00.000000000Z,+4,Intraday 1Hour,,,,,,,,,,,,,,,,
MAZA.KW,,Market Price,2022-07-14T20:00:00.000000000Z,+3,Intraday 1Hour,,,,,,,51.5,51.5,51.5,51.5,0,54,54,54,54,0
MBRD.KW,,Market Price,2022-07-14T20:00:00.000000000Z,+3,Intraday 1Hour,,,,,,,80,80,80,80,0,82,82,82,82,0
MCCS.QA,,Market Price,2022-07-14T20:00:00.000000000Z,+3,Intraday 1Hour,,,,,,,7.57,7.649,7.57,7.57,0,7.615,7.615,7.6,7.6,0
MCDE.OM,,Market Price,2022-07-14T20:00:00.000000000Z,+4,Intraday 1Hour,,,,,,,0.11,0.11,0.11,0.11,0,0.12,0.12,0.12,0.12,0
MCGS.QA,,Market Price,2022-07-14T20:00:00.000000000Z,+3,Intraday 1Hour,,,,,,,6.652,6.652,6.651,6.651,0,6.879,6.879,6.878,6.878,0
MCTI.OM,,Market Price,2022-07-14T20:00:00.000000000Z,+4,Intraday 1Hour,,,,,,,0.42,0.42,0.42,0.42,0,0.47,0.47,0.47,0.47,0
MENK.KW,,Market Price,2022-07-14T20:00:00.000000000Z,+3,Intraday 1Hour,,,,,,,33.5,36.5,33.5,33.6,0,36.4,36.4,36.4,36.4,0
MERS.QA,,Market Price,2022-07-14T20:00:00.000000000Z,+3,Intraday 1Hour,,,,,,,17.03,17.03,17.03,17.03,0,17.35,17.35,16.19,17.33,0
METHAQ.AD,,Market Price,2022-07-14T20:00:00.000000000Z,+4,Intraday 1Hour,,,,,,,0.701,0.701,0.701,0.701,0,0.739,0.739,0.739,0.739,0
MEZZ.KW,,Market Price,2022-07-14T20:00:00.000000000Z,+3,Intraday 1Hour,,,,,,,409,409,409,409,0,421,421,421,421,0
MFCI.OM,,Market Price,2022-07-14T20:00:00.000000000Z,+4,Intraday 1Hour,,,,,,,0.066,0.066,0.066,0.066,0,0.069,0.069,0.069,0.069,0
MGCI.OM,,Market Price,2022-07-14T20:00:00.000000000Z,+4,Intraday 1Hour,,,,,,,,,,,,0.15,0.15,0.15,0.15,0
MGMC.OM,,Market Price,2022-07-14T20:00:00.000000000Z,+4,Intraday 1Hour,,,,,,,0.143,0.143,0.143,0.143,0,0.155,0.155,0.155,0.155,0
MHAS.OM,,Market Price,2022-07-14T20:00:00.000000000Z,+4,Intraday 1Hour,,,,,,,0.68,0.68,0.68,0.68,0,0.696,0.696,0.696,0.696,0
MIDAN.KW,,Market Price,2022-07-14T20:00:00.000000000Z,+3,Intraday 1Hour,,,,,,,,,,,,618,618,618,618,0
MJI.OM,,Market Price,2022-07-14T20:00:00.000000000Z,+4,Intraday 1Hour,,,,,,,,,,,,,,,,
MKDM.QA,,Market Price,2022-07-14T20:00:00.000000000Z,+3,Intraday 1Hour,,,,,,,6.11,6.115,6.11,6.111,0,6.127,6.127,6.115,6.115,0
MPHC.QA,,Market Price,2022-07-14T20:00:00.000000000Z,+3,Intraday 1Hour,,,,,,,2.627,2.627,2.56,2.56,0,2.551,2.57,2.4,2.57,0
MRCK.KW,,Market Price,2022-07-14T20:00:00.000000000Z,+3,Intraday 1Hour,,,,,,,,,,,,80,80,80,80,0
MRDS.QA,,Market Price,2022-07-14T20:00:00.000000000Z,+3,Intraday 1Hour,,,,,,,0.762,0.762,0.761,0.762,0,0.762,0.772,0.762,0.772,0
MREC.KW,,Market Price,2022-07-14T20:00:00.000000000Z,+3,Intraday 1Hour,,,,,,,41.7,41.7,41.7,41.7,0,44.4,44.4,44.4,44.4,0
MSPW.OM,,Market Price,2022-07-14T20:00:00.000000000Z,+4,Intraday 1Hour,,,,,,,0.31,0.31,0.31,0.31,0,0.326,0.326,0.326,0.326,0
MTMI.OM,,Market Price,2022-07-14T20:00:00.000000000Z,+4,Intraday 1Hour,,,,,,,0.068,0.068,0.068,0.068,0,0.074,0.074,0.074,0.074,0
MUNK.KW,,Market Price,2022-07-14T20:00:00.000000000Z,+3,Intraday 1Hour,,,,,,,73.2,73.2,73.2,73.2,0,77,77,77,77,0
MUNS.KW,,Market Price,2022-07-14T20:00:00.000000000Z,+3,Intraday 1Hour,,,,,,,62.3,62.3,62.3,62.3,0,63,63,63,63,0
NAHO.DU,,Market Price,2022-07-14T20:00:00.000000000Z,+4,Intraday 1Hour,,,,,,,,,,,,1.71,1.71,1.71,1.71,0
NAPI.OM,,Market Price,2022-07-14T20:00:00.000000000Z,+4,Intraday 1Hour,,,,,,,0.08,0.08,0.08,0.08,0,0.089,0.089,0.089,0.089,0
NAPS.KW,,Market Price,2022-07-14T20:00:00.000000000Z,+3,Intraday 1Hour,,,,,,,,,,,,779,779,779,779,0
NBF.AD,,Market Price,2022-07-14T20:00:00.000000000Z,+4,Intraday 1Hour,,,,,,,,,,,,4.99,4.99,4.99,4.99,0
NBII.OM,,Market Price,2022-07-14T20:00:00.000000000Z,+4,Intraday 1Hour,,,,,,,,,,,,,,,,
NBKK.KW,,Market Price,2022-07-14T20:00:00.000000000Z,+3,Intraday 1Hour,,,,,,,1040,1040,1040,1040,0,1060,1060,1060,1060,0
NBOB.OM,,Market Price,2022-07-14T20:00:00.000000000Z,+4,Intraday 1Hour,,,,,,,0.215,0.215,0.215,0.215,0,0.215,0.216,0.215,0.216,0
NBQ.AD,,Market Price,2022-07-14T20:00:00.000000000Z,+4,Intraday 1Hour,,,,,,,1.82,1.82,1.82,1.82,0,2.1,2.1,2.1,2.1,0
NCC.DU,,Market Price,2022-07-14T20:00:00.000000000Z,+4,Intraday 1Hour,,,,,,,2.24,2.24,2.24,2.24,0,,,,,
NCCI.KW,,Market Price,2022-07-14T20:00:00.000000000Z,+3,Intraday 1Hour,,,,,,,108,108,108,108,0,116,116,116,116,0
NCTH.AD,,Market Price,2022-07-14T20:00:00.000000000Z,+4,Intraday 1Hour,,,,,,,,,,,,2.55,2.55,2.55,2.55,0
NDTI.OM,,Market Price,2022-07-14T20:00:00.000000000Z,+4,Intraday 1Hour,,,,,,,,,,,,0.546,0.546,0.546,0.546,0
NFCI.OM,,Market Price,2022-07-14T20:00:00.000000000Z,+4,Intraday 1Hour,,,,,,,0.112,0.112,0.112,0.112,0,0.12,0.12,0.12,0.12,0
NGCI.OM,,Market Price,2022-07-14T20:00:00.000000000Z,+4,Intraday 1Hour,,,,,,,0.14,0.14,0.14,0.14,0,0.142,0.145,0.142,0.145,0
NGIN.DU,,Market Price,2022-07-14T20:00:00.000000000Z,+4,Intraday 1Hour,,,,,,,4.5,4.5,4.5,4.5,0,5.75,5.75,5.75,5.75,0
NHIS.OM,,Market Price,2022-07-14T20:00:00.000000000Z,+4,Intraday 1Hour,,,,,,,,,,,,,,,,
NIBM.KW,,Market Price,2022-07-14T20:00:00.000000000Z,+3,Intraday 1Hour,,,,,,,201,201,195,195,0,200,200,198,200,0
NIH.DU,,Market Price,2022-07-14T20:00:00.000000000Z,+4,Intraday 1Hour,,,,,,,,,,,,1.81,1.81,1.81,1.81,0
NIHK.KW,,Market Price,2022-07-14T20:00:00.000000000Z,+3,Intraday 1Hour,,,,,,,127,130,127,127,0,130,130,130,130,0
NIND.DU,,Market Price,2022-07-14T20:00:00.000000000Z,+4,Intraday 1Hour,,,,,,,2.7,2.7,2.7,2.7,0,3.09,3.09,3.09,3.09,0
NIND.KW,,Market Price,2022-07-14T20:00:00.000000000Z,+3,Intraday 1Hour,,,,,,,250,250,250,250,0,251,251,251,251,0
NINV.KW,,Market Price,2022-07-14T20:00:00.000000000Z,+3,Intraday 1Hour,,,,,,,285,285,285,285,0,295,295,295,295,0
NLCS.QA,,Market Price,2022-07-14T20:00:00.000000000Z,+3,Intraday 1Hour,,,,,,,0.801,0.802,0.796,0.801,0,0.818,0.818,0.79,0.818,0
NLIF.OM,,Market Price,2022-07-14T20:00:00.000000000Z,+4,Intraday 1Hour,,,,,,,,,,,,,,,,
NMDC.AD,,Market Price,2022-07-14T20:00:00.000000000Z,+4,Intraday 1Hour,,,,,,,29.84,29.84,29.7,29.7,0,29.86,29.86,29.86,29.86,0
NMWI.OM,,Market Price,2022-07-14T20:00:00.000000000Z,+4,Intraday 1Hour,,,,,,,,,,,,0.095,0.095,0.095,0.095,0
NOOR.KW,,Market Price,2022-07-14T20:00:00.000000000Z,+3,Intraday 1Hour,,,,,,,194,194,194,194,0,203,203,203,203,0
NRED.OM,,Market Price,2022-07-14T20:00:00.000000000Z,+4,Intraday 1Hour,,,,,,,,,,,,,,,,
NREK.KW,,Market Price,2022-07-14T20:00:00.000000000Z,+3,Intraday 1Hour,,,,,,,148,148,148,148,0,157,157,157,157,0
OAB.OM,,Market Price,2022-07-14T20:00:00.000000000Z,+4,Intraday 1Hour,,,,,,,0.118,0.118,0.118,0.118,0,0.129,0.129,0.129,0.129,0
OCAI.OM,,Market Price,2022-07-14T20:00:00.000000000Z,+4,Intraday 1Hour,,,,,,,,,,,,0.964,0.964,0.964,0.964,0
OCCI.OM,,Market Price,2022-07-14T20:00:00.000000000Z,+4,Intraday 1Hour,,,,,,,,,,,,,,,,
OCHL.OM,,Market Price,2022-07-14T20:00:00.000000000Z,+4,Intraday 1Hour,,,,,,,,,,,,0.378,0.378,0.378,0.378,0
OCOI.OM,,Market Price,2022-07-14T20:00:00.000000000Z,+4,Intraday 1Hour,,,,,,,0.252,0.252,0.25,0.25,0,0.253,0.254,0.253,0.254,0
OEFI.OM,,Market Price,2022-07-14T20:00:00.000000000Z,+4,Intraday 1Hour,,,,,,,,,,,,,,,,
OEIHC.AD,,Market Price,2022-07-14T20:00:00.000000000Z,+4,Intraday 1Hour,,,,,,,0.325,0.325,0.325,0.325,0,,,,,
OEIO.OM,,Market Price,2022-07-14T20:00:00.000000000Z,+4,Intraday 1Hour,,,,,,,0.085,0.085,0.083,0.083,0,0.087,0.087,0.085,0.085,0
OETI.OM,,Market Price,2022-07-14T20:00:00.000000000Z,+4,Intraday 1Hour,,,,,,,0.2,0.2,0.2,0.2,0,0.213,0.213,0.213,0.213,0
OFCI.OM,,Market Price,2022-07-14T20:00:00.000000000Z,+4,Intraday 1Hour,,,,,,,0.107,0.107,0.107,0.107,0,0.112,0.112,0.112,0.112,0
OFMI.OM,,Market Price,2022-07-14T20:00:00.000000000Z,+4,Intraday 1Hour,,,,,,,0.544,0.544,0.544,0.544,0,0.59,0.59,0.59,0.59,0
OIC.DU,,Market Price,2022-07-14T20:00:00.000000000Z,+4,Intraday 1Hour,,,,,,,,,,,,,,,,
OIFC.OM,,Market Price,2022-07-14T20:00:00.000000000Z,+4,Intraday 1Hour,,,,,,,0.12,0.12,0.12,0.12,0,0.126,0.126,0.126,0.126,0
OIMS.OM,,Market Price,2022-07-14T20:00:00.000000000Z,+4,Intraday 1Hour,,,,,,,,,,,,,,,,
OLAK.KW,,Market Price,2022-07-14T20:00:00.000000000Z,+3,Intraday 1Hour,,,,,,,95,95,95,95,0,99,99,99,99,0
OMCI.OM,,Market Price,2022-07-14T20:00:00.000000000Z,+4,Intraday 1Hour,,,,,,,,,,,,,,,,
OMRF.OM,,Market Price,2022-07-14T20:00:00.000000000Z,+4,Intraday 1Hour,,,,,,,0.068,0.068,0.068,0.068,0,0.074,0.074,0.074,0.074,0
OMVS.OM,,Market Price,2022-07-14T20:00:00.000000000Z,+4,Intraday 1Hour,,,,,,,0.302,0.302,0.302,0.302,0,0.308,0.308,0.308,0.308,0
ONES.OM,,Market Price,2022-07-14T20:00:00.000000000Z,+4,Intraday 1Hour,,,,,,,0.106,0.106,0.103,0.103,0,0.106,0.108,0.106,0.108,0
OOMP.OM,,Market Price,2022-07-14T20:00:00.000000000Z,+4,Intraday 1Hour,,,,,,,,,,,,,,,,
OOMS.OM,,Market Price,2022-07-14T20:00:00.000000000Z,+4,Intraday 1Hour,,,,,,,0.8,0.8,0.8,0.8,0,0.88,0.88,0.88,0.88,0
OORE.KW,,Market Price,2022-07-14T20:00:00.000000000Z,+3,Intraday 1Hour,,,,,,,882,882,882,882,0,935,935,935,935,0
OPCI.OM,,Market Price,2022-07-14T20:00:00.000000000Z,+4,Intraday 1Hour,,,,,,,0.25,0.25,0.25,0.25,0,0.275,0.275,0.275,0.275,0
OQIC.OM,,Market Price,2022-07-14T20:00:00.000000000Z,+4,Intraday 1Hour,,,,,,,0.18,0.18,0.18,0.18,0,0.2,0.2,0.2,0.2,0
ORCI.OM,,Market Price,2022-07-14T20:00:00.000000000Z,+4,Intraday 1Hour,,,,,,,,,,,,1.75,1.75,1.75,1.75,0
ORDS.AD,,Market Price,2022-07-14T20:00:00.000000000Z,+4,Intraday 1Hour,,,,,,,7.15,7.15,7.15,7.15,0,7.5,7.5,7.5,7.5,0
ORDS.OM,,Market Price,2022-07-14T20:00:00.000000000Z,+4,Intraday 1Hour,,,,,,,0.334,0.334,0.334,0.334,0,0.336,0.336,0.336,0.336,0
ORDS.QA,,Market Price,2022-07-14T20:00:00.000000000Z,+3,Intraday 1Hour,,,,,,,8.6,8.6,7.828,7.828,0,7.85,7.85,7.212,7.85,0
ORIENT.DU,,Market Price,2022-07-14T20:00:00.000000000Z,+4,Intraday 1Hour,,,,,,,,,,,,,,,,
OSCI.OM,,Market Price,2022-07-14T20:00:00.000000000Z,+4,Intraday 1Hour,,,,,,,,,,,,0.54,0.54,0.54,0.54,0
OSOS.KW,,Market Price,2022-07-14T20:00:00.000000000Z,+3,Intraday 1Hour,,,,,,,104,105,104,104,0,114,114,114,114,0
OSUL.KW,,Market Price,2022-07-14T20:00:00.000000000Z,+3,Intraday 1Hour,,,,,,,85.9,85.9,85.9,85.9,0,89,89,89,89,0
OTEL.OM,,Market Price,2022-07-14T20:00:00.000000000Z,+4,Intraday 1Hour,,,,,,,0.872,0.872,0.872,0.872,0,0.876,0.876,0.876,0.876,0
OUIC.OM,,Market Price,2022-07-14T20:00:00.000000000Z,+4,Intraday 1Hour,,,,,,,0.322,0.322,0.322,0.322,0,0.34,0.34,0.34,0.34,0
OULA.KW,,Market Price,2022-07-14T20:00:00.000000000Z,+3,Intraday 1Hour,,,,,,,142,142,142,142,0,151,151,151,151,0
OUTFL.DU,,Market Price,2022-07-14T20:00:00.000000000Z,+4,Intraday 1Hour,,,,,,,,,,,,,,,,
PALMS.AD,,Market Price,2022-07-14T20:00:00.000000000Z,+4,Intraday 1Hour,,,,,,,10.1,10.1,10.1,10.1,0,10.5,10.5,10.5,10.5,0
PAPE.KW,,Market Price,2022-07-14T20:00:00.000000000Z,+3,Intraday 1Hour,,,,,,,186,186,181,182,0,200,200,200,200,0
PAPK.KW,,Market Price,2022-07-14T20:00:00.000000000Z,+3,Intraday 1Hour,,,,,,,51.4,51.4,51.4,51.4,0,51.4,51.4,51.4,51.4,0
PCEM.KW,,Market Price,2022-07-14T20:00:00.000000000Z,+3,Intraday 1Hour,,,,,,,876,876,876,876,0,885,885,885,885,0
PCLI.OM,,Market Price,2022-07-14T20:00:00.000000000Z,+4,Intraday 1Hour,,,,,,,,,,,,,,,,
PHPC.OM,,Market Price,2022-07-14T20:00:00.000000000Z,+4,Intraday 1Hour,,,,,,,0.049,0.049,0.049,0.049,0,0.052,0.052,0.052,0.052,0
QAMC.QA,,Market Price,2022-07-14T20:00:00.000000000Z,+3,Intraday 1Hour,,,,,,,1.479,1.479,1.466,1.466,0,1.478,1.478,1.45,1.468,0
QANC.QA,,Market Price,2022-07-14T20:00:00.000000000Z,+3,Intraday 1Hour,,,,,,,4.8,4.87,4.751,4.752,0,4.95,4.965,4.7,4.899,0
QATR.QA,,Market Price,2022-07-14T20:00:00.000000000Z,+3,Intraday 1Hour,,,,,,,2.584,2.584,2.55,2.55,0,2.564,2.584,2.564,2.584,0
QCFD.QA,,Market Price,2022-07-14T20:00:00.000000000Z,+3,Intraday 1Hour,,,,,,,3.315,3.315,3.315,3.315,0,3.768,3.768,3.768,3.768,0
QETF.QA,,Market Price,2022-07-14T20:00:00.000000000Z,+3,Intraday 1Hour,,,,,,,11.434,11.434,11.31,11.31,0,11.48,11.498,11.48,11.498,0
QEWC.QA,,Market Price,2022-07-14T20:00:00.000000000Z,+3,Intraday 1Hour,,,,,,,19,19,17.85,17.85,0,17.7,17.86,17.5,17.86,0
QFBQ.QA,,Market Price,2022-07-14T20:00:00.000000000Z,+3,Intraday 1Hour,,,,,,,1.115,1.14,1.115,1.14,0,1.14,1.143,1.14,1.143,0
QFLS.QA,,Market Price,2022-07-14T20:00:00.000000000Z,+3,Intraday 1Hour,,,,,,,17.3,17.3,16.8,16.8,0,16.89,16.9,15.97,16.89,0
QGIR.QA,,Market Price,2022-07-14T20:00:00.000000000Z,+3,Intraday 1Hour,,,,,,,1.8,1.8,1.8,1.8,0,1.989,2.05,1.96,1.96,0
QGMS.QA,,Market Price,2022-07-14T20:00:00.000000000Z,+3,Intraday 1Hour,,,,,,,1.355,1.355,1.354,1.354,0,1.369,1.369,1.367,1.369,0
QGTS.QA,,Market Price,2022-07-14T20:00:00.000000000Z,+3,Intraday 1Hour,,,,,,,4.015,4.015,3.831,3.831,0,3.899,3.899,3.65,3.899,0
QIC.AD,,Market Price,2022-07-14T20:00:00.000000000Z,+4,Intraday 1Hour,,,,,,,,,,,,1.49,1.49,1.49,1.49,0
QIC.KW,,Market Price,2022-07-14T20:00:00.000000000Z,+3,Intraday 1Hour,,,,,,,90,90,90,90,0,98,98,98,98,0
QIGD.QA,,Market Price,2022-07-14T20:00:00.000000000Z,+3,Intraday 1Hour,,,,,,,1.861,1.886,1.851,1.885,0,1.885,1.9,1.885,1.9,0
QIIB.QA,,Market Price,2022-07-14T20:00:00.000000000Z,+3,Intraday 1Hour,,,,,,,11.65,11.65,10.86,10.86,0,10.86,10.99,10.32,10.99,0
QIIC.QA,,Market Price,2022-07-14T20:00:00.000000000Z,+3,Intraday 1Hour,,,,,,,8.35,8.35,8.35,8.35,0,8.594,8.594,8.594,8.594,0
QIMC.QA,,Market Price,2022-07-14T20:00:00.000000000Z,+3,Intraday 1Hour,,,,,,,3.401,3.401,3.401,3.401,0,3.518,3.518,3.514,3.514,0
QINS.QA,,Market Price,2022-07-14T20:00:00.000000000Z,+3,Intraday 1Hour,,,,,,,2.364,2.495,2.363,2.363,0,2.399,2.4,2.281,2.4,0
QISB.QA,,Market Price,2022-07-14T20:00:00.000000000Z,+3,Intraday 1Hour,,,,,,,23.18,23.18,23,23,0,22.57,23.23,19.96,23.23,0
QLMI.QA,,Market Price,2022-07-14T20:00:00.000000000Z,+3,Intraday 1Hour,,,,,,,5.3,5.3,5.3,5.3,0,5.398,5.399,5.398,5.399,0
QNBK.QA,,Market Price,2022-07-14T20:00:00.000000000Z,+3,Intraday 1Hour,,,,,,,20.59,20.59,18.76,18.76,0,18.81,19,17.87,18.99,0
QNNC.QA,,Market Price,2022-07-14T20:00:00.000000000Z,+3,Intraday 1Hour,,,,,,,9.189,9.189,8.7,8.7,0,8.78,8.821,8.35,8.795,0
QOIS.QA,,Market Price,2022-07-14T20:00:00.000000000Z,+3,Intraday 1Hour,,,,,,,0.702,0.702,0.701,0.702,0,0.71,0.713,0.702,0.713,0
RAKBANK.AD,,Market Price,2022-07-14T20:00:00.000000000Z,+4,Intraday 1Hour,,,,,,,4.25,4.25,4.25,4.25,0,5,5,5,5,0
RAKCEC.AD,,Market Price,2022-07-14T20:00:00.000000000Z,+4,Intraday 1Hour,,,,,,,2.7,2.7,2.7,2.7,0,2.72,2.73,2.72,2.73,0
RAKNIC.AD,,Market Price,2022-07-14T20:00:00.000000000Z,+4,Intraday 1Hour,,,,,,,,,,,,,,,,
RAKPROP.AD,,Market Price,2022-07-14T20:00:00.000000000Z,+4,Intraday 1Hour,,,,,,,0.678,0.678,0.678,0.678,0,0.679,0.679,0.679,0.679,0
RAKWCT.AD,,Market Price,2022-07-14T20:00:00.000000000Z,+4,Intraday 1Hour,,,,,,,1.85,1.85,1.85,1.85,0,1.95,1.95,1.95,1.95,0
RAPCO.AD,,Market Price,2022-07-14T20:00:00.000000000Z,+4,Intraday 1Hour,,,,,,,,,,,,2.3,2.3,2.3,2.3,0
RCCI.OM,,Market Price,2022-07-14T20:00:00.000000000Z,+4,Intraday 1Hour,,,,,,,0.144,0.144,0.144,0.144,0,0.158,0.158,0.158,0.158,0
REMAL.KW,,Market Price,2022-07-14T20:00:00.000000000Z,+3,Intraday 1Hour,,,,,,,11.2,11.2,11.2,11.2,0,11.7,11.7,11.7,11.7,0
RKWC.KW,,Market Price,2022-07-14T20:00:00.000000000Z,+3,Intraday 1Hour,,,,,,,150,150,150,150,0,160,160,160,160,0
RNSS.OM,,Market Price,2022-07-14T20:00:00.000000000Z,+4,Intraday 1Hour,,,,,,,0.446,0.446,0.446,0.446,0,0.47,0.47,0.47,0.47,0
RPM.AD,,Market Price,2022-07-14T20:00:00.000000000Z,+4,Intraday 1Hour,,,,,,,7.95,7.95,7.95,7.95,0,8.15,8.15,8.15,8.15,0
SAGH.DU,,Market Price,2022-07-14T20:00:00.000000000Z,+4,Intraday 1Hour,,,,,,,,,,,,,,,,
SAHS.OM,,Market Price,2022-07-14T20:00:00.000000000Z,+4,Intraday 1Hour,,,,,,,,,,,,,,,,
SALAM.DU,,Market Price,2022-07-14T20:00:00.000000000Z,+4,Intraday 1Hour,,,,,,,0.814,0.82,0.814,0.814,0,0.83,0.83,0.82,0.82,0
SALAMA.DU,,Market Price,2022-07-14T20:00:00.000000000Z,+4,Intraday 1Hour,,,,,,,0.563,0.563,0.563,0.563,0,0.567,0.567,0.567,0.567,0
SALB.KW,,Market Price,2022-07-14T20:00:00.000000000Z,+3,Intraday 1Hour,,,,,,,,,,,,20.3,20.3,20.3,20.3,0
SALM.QA,,Market Price,2022-07-14T20:00:00.000000000Z,+3,Intraday 1Hour,,,,,,,0.78,0.781,0.78,0.781,0,0.793,0.793,0.786,0.789,0
SANK.KW,,Market Price,2022-07-14T20:00:00.000000000Z,+3,Intraday 1Hour,,,,,,,63.2,68.7,62.8,62.8,0,65.7,68.7,61.3,68.7,0
SAWAEED.AD,,Market Price,2022-07-14T20:00:00.000000000Z,+4,Intraday 1Hour,,,,,,,7,7,7,7,0,,,,,
SCFK.KW,,Market Price,2022-07-14T20:00:00.000000000Z,+3,Intraday 1Hour,,,,,,,114,114,114,114,0,118,118,118,118,0
SCIDC.AD,,Market Price,2022-07-14T20:00:00.000000000Z,+4,Intraday 1Hour,,,,,,,0.58,0.58,0.58,0.58,0,0.585,0.585,0.585,0.585,0
SECH.KW,,Market Price,2022-07-14T20:00:00.000000000Z,+3,Intraday 1Hour,,,,,,,70,70,70,70,0,76,76,76,76,0
SENE.KW,,Market Price,2022-07-14T20:00:00.000000000Z,+3,Intraday 1Hour,,,,,,,40.9,40.9,40.9,40.9,0,45,45,45,45,0
SFMI.OM,,Market Price,2022-07-14T20:00:00.000000000Z,+4,Intraday 1Hour,,,,,,,,,,,,0.984,0.984,0.984,0.984,0
SHCK.KW,,Market Price,2022-07-14T20:00:00.000000000Z,+3,Intraday 1Hour,,,,,,,21.3,21.3,21.3,21.3,0,22.3,22.3,22.3,22.3,0
SHCS.OM,,Market Price,2022-07-14T20:00:00.000000000Z,+4,Intraday 1Hour,,,,,,,,,,,,1.245,1.245,1.245,1.245,0
SHIP.KW,,Market Price,2022-07-14T20:00:00.000000000Z,+3,Intraday 1Hour,,,,,,,582,582,582,582,0,600,600,600,600,0
SHPS.OM,,Market Price,2022-07-14T20:00:00.000000000Z,+4,Intraday 1Hour,,,,,,,0.025,0.025,0.025,0.025,0,0.045,0.045,0.045,0.045,0
SHRQ.OM,,Market Price,2022-07-14T20:00:00.000000000Z,+4,Intraday 1Hour,,,,,,,0.113,0.113,0.113,0.113,0,0.115,0.115,0.115,0.115,0
SHUA.DU,,Market Price,2022-07-14T20:00:00.000000000Z,+4,Intraday 1Hour,,,,,,,0.486,0.49,0.486,0.486,0,0.488,0.491,0.488,0.491,0
SIB.AD,,Market Price,2022-07-14T20:00:00.000000000Z,+4,Intraday 1Hour,,,,,,,1.67,1.67,1.67,1.67,0,1.68,1.68,1.68,1.68,0
SICO.AD,,Market Price,2022-07-14T20:00:00.000000000Z,+4,Intraday 1Hour,,,,,,,,,,,,,,,,
SIHC.OM,,Market Price,2022-07-14T20:00:00.000000000Z,+4,Intraday 1Hour,,,,,,,0.081,0.081,0.081,0.081,0,0.089,0.089,0.089,0.089,0
SMNP.OM,,Market Price,2022-07-14T20:00:00.000000000Z,+4,Intraday 1Hour,,,,,,,0.045,0.045,0.045,0.045,0,0.047,0.047,0.047,0.047,0
SOMP.OM,,Market Price,2022-07-14T20:00:00.000000000Z,+4,Intraday 1Hour,,,,,,,,,,,,,,,,
SOMS.OM,,Market Price,2022-07-14T20:00:00.000000000Z,+4,Intraday 1Hour,,,,,,,0.8,0.8,0.8,0.8,0,0.868,0.868,0.868,0.868,0
SOOR.KW,,Market Price,2022-07-14T20:00:00.000000000Z,+3,Intraday 1Hour,,,,,,,146,146,146,146,0,151,151,151,151,0
SPEC.KW,,Market Price,2022-07-14T20:00:00.000000000Z,+3,Intraday 1Hour,,,,,,,96.5,96.5,96.5,96.5,0,99.7,99.7,99.7,99.7,0
SPFI.OM,,Market Price,2022-07-14T20:00:00.000000000Z,+4,Intraday 1Hour,,,,,,,0.126,0.13,0.126,0.13,0,0.15,0.15,0.15,0.15,0
SPSI.OM,,Market Price,2022-07-14T20:00:00.000000000Z,+4,Intraday 1Hour,,,,,,,0.52,0.52,0.52,0.52,0,0.548,0.548,0.548,0.548,0
SREK.KW,,Market Price,2022-07-14T20:00:00.000000000Z,+3,Intraday 1Hour,,,,,,,471,471,471,471,0,489,489,489,489,0
SSPW.OM,,Market Price,2022-07-14T20:00:00.000000000Z,+4,Intraday 1Hour,,,,,,,0.068,0.068,0.068,0.068,0,0.073,0.073,0.073,0.073,0
SSUD.DU,,Market Price,2022-07-14T20:00:00.000000000Z,+4,Intraday 1Hour,,,,,,,1.1,1.11,1.1,1.11,0,1.32,1.32,1.32,1.32,0
STC.KW,,Market Price,2022-07-14T20:00:00.000000000Z,+3,Intraday 1Hour,,,,,,,630,630,630,630,0,648,648,648,648,0
SUDATEL.AD,,Market Price,2022-07-14T20:00:00.000000000Z,+4,Intraday 1Hour,,,,,,,0.31,0.31,0.31,0.31,0,0.345,0.345,0.345,0.345,0
SUWP.OM,,Market Price,2022-07-14T20:00:00.000000000Z,+4,Intraday 1Hour,,,,,,,0.047,0.047,0.047,0.047,0,0.049,0.049,0.049,0.049,0
TABR.DU,,Market Price,2022-07-14T20:00:00.000000000Z,+4,Intraday 1Hour,,,,,,,2.72,2.72,2.72,2.72,0,2.77,2.84,2.77,2.84,0
TAHS.KW,,Market Price,2022-07-14T20:00:00.000000000Z,+3,Intraday 1Hour,,,,,,,21.1,21.1,21.1,21.1,0,24,24,24,24,0
TAMI.KW,,Market Price,2022-07-14T20:00:00.000000000Z,+3,Intraday 1Hour,,,,,,,478,478,478,478,0,485,485,485,485,0
TAMK.KW,,Market Price,2022-07-14T20:00:00.000000000Z,+3,Intraday 1Hour,,,,,,,324,324,323,323,0,330,330,330,330,0
TAOI.OM,,Market Price,2022-07-14T20:00:00.000000000Z,+4,Intraday 1Hour,,,,,,,0.043,0.043,0.043,0.043,0,0.047,0.047,0.047,0.047,0
TAQA.AD,,Market Price,2022-07-14T20:00:00.000000000Z,+4,Intraday 1Hour,,,,,,,1.19,1.19,1.19,1.19,0,1.21,1.21,1.21,1.21,0
TFCI.OM,,Market Price,2022-07-14T20:00:00.000000000Z,+4,Intraday 1Hour,,,,,,,0.087,0.087,0.087,0.087,0,0.092,0.092,0.092,0.092,0
THURY.KW,,Market Price,2022-07-14T20:00:00.000000000Z,+3,Intraday 1Hour,,,,,,,,,,,,151,151,151,151,0
TIJA.KW,,Market Price,2022-07-14T20:00:00.000000000Z,+3,Intraday 1Hour,,,,,,,49.2,49.2,49.2,49.2,0,51.2,51.2,51.2,51.2,0
TIJK.KW,,Market Price,2022-07-14T20:00:00.000000000Z,+3,Intraday 1Hour,,,,,,,101,101,101,101,0,106,106,106,106,0
TKFE.DU,,Market Price,2022-07-14T20:00:00.000000000Z,+4,Intraday 1Hour,,,,,,,1.11,1.11,1.11,1.11,0,1.23,1.23,1.23,1.23,0
TKFL.AD,,Market Price,2022-07-14T20:00:00.000000000Z,+4,Intraday 1Hour,,,,,,,,,,,,6.87,6.87,6.87,6.87,0
TNI.AD,,Market Price,2022-07-14T20:00:00.000000000Z,+4,Intraday 1Hour,,,,,,,,,,,,,,,,
UAB.AD,,Market Price,2022-07-14T20:00:00.000000000Z,+4,Intraday 1Hour,,,,,,,0.64,0.64,0.64,0.64,0,0.65,0.65,0.65,0.65,0
UBAR.OM,,Market Price,2022-07-14T20:00:00.000000000Z,+4,Intraday 1Hour,,,,,,,,,,,,0.12,0.12,0.12,0.12,0
UDCD.QA,,Market Price,2022-07-14T20:00:00.000000000Z,+3,Intraday 1Hour,,,,,,,1.39,1.39,1.39,1.39,0,1.392,1.397,1.37,1.397,0
UECP.OM,,Market Price,2022-07-14T20:00:00.000000000Z,+4,Intraday 1Hour,,,,,,,,,,,,,,,,
UFC.DU,,Market Price,2022-07-14T20:00:00.000000000Z,+4,Intraday 1Hour,,,,,,,,,,,,,,,,
UFCI.OM,,Market Price,2022-07-14T20:00:00.000000000Z,+4,Intraday 1Hour,,,,,,,,,,,,0.099,0.099,0.099,0.099,0
UNIC.KW,,Market Price,2022-07-14T20:00:00.000000000Z,+3,Intraday 1Hour,,,,,,,51.6,51.6,51.6,51.6,0,55.5,55.5,55.5,55.5,0
UNIK.DU,,Market Price,2022-07-14T20:00:00.000000000Z,+4,Intraday 1Hour,,,,,,,,,,,,8.65,8.65,8.65,8.65,0
UNION.AD,,Market Price,2022-07-14T20:00:00.000000000Z,+4,Intraday 1Hour,,,,,,,,,,,,,,,,
UPAC.KW,,Market Price,2022-07-14T20:00:00.000000000Z,+3,Intraday 1Hour,,,,,,,247,247,247,247,0,260,260,260,260,0
UPRO.DU,,Market Price,2022-07-14T20:00:00.000000000Z,+4,Intraday 1Hour,,,,,,,0.231,0.232,0.229,0.232,0,0.232,0.233,0.23,0.233,0
UREK.KW,,Market Price,2022-07-14T20:00:00.000000000Z,+3,Intraday 1Hour,,,,,,,75.1,75.1,75.1,75.1,0,79.5,79.5,79.5,79.5,0
VFQS.QA,,Market Price,2022-07-14T20:00:00.000000000Z,+3,Intraday 1Hour,,,,,,,1.7,1.7,1.57,1.57,0,1.583,1.59,1.57,1.59,0
VISN.OM,,Market Price,2022-07-14T20:00:00.000000000Z,+4,Intraday 1Hour,,,,,,,,,,,,0.107,0.107,0.107,0.107,0
VOES.OM,,Market Price,2022-07-14T20:00:00.000000000Z,+4,Intraday 1Hour,,,,,,,0.099,0.099,0.099,0.099,0,0.109,0.109,0.109,0.109,0
WAHA.AD,,Market Price,2022-07-14T20:00:00.000000000Z,+4,Intraday 1Hour,,,,,,,1.39,1.39,1.39,1.39,0,1.41,1.41,1.41,1.41,0
WARB.KW,,Market Price,2022-07-14T20:00:00.000000000Z,+3,Intraday 1Hour,,,,,,,238,238,238,238,0,242,242,242,242,0
WARBA.KW,,Market Price,2022-07-14T20:00:00.000000000Z,+3,Intraday 1Hour,,,,,,,77.1,77.1,77.1,77.1,0,86,86,86,86,0
WDAM.QA,,Market Price,2022-07-14T20:00:00.000000000Z,+3,Intraday 1Hour,,,,,,,2.752,2.752,2.75,2.75,0,2.786,2.786,2.751,2.751,0
WETH.KW,,Market Price,2022-07-14T20:00:00.000000000Z,+3,Intraday 1Hour,,,,,,,35.5,35.5,35.5,35.5,0,38.9,38.9,38.9,38.9,0
WINS.KW,,Market Price,2022-07-14T20:00:00.000000000Z,+3,Intraday 1Hour,,,,,,,128,128,128,128,0,135,135,135,135,0
YAHSAT.AD,,Market Price,2022-07-14T20:00:00.000000000Z,+4,Intraday 1Hour,,,,,,,2.53,2.53,2.53,2.53,0,2.54,2.54,2.54,2.54,0
YIAC.KW,,Market Price,2022-07-14T20:00:00.000000000Z,+3,Intraday 1Hour,,,,,,,,,,,,,,,,
ZAIN.KW,,Market Price,2022-07-14T20:00:00.000000000Z,+3,Intraday 1Hour,,,,,,,587,587,587,587,0,600,600,600,600,0
ZHCD.QA,,Market Price,2022-07-14T20:00:00.000000000Z,+3,Intraday 1Hour,,,,,,,17.5,17.5,17.4,17.4,0,17.5,17.5,17.5,17.5,0
